catalog_id,source_report_ids,record_type,research_family,reported_family_label,method_or_variant,hypothesis_or_question,implementation_summary,reference_and_online_information,tested_settings_or_stages,matched_control,causal_evidence,evaluation_scope,validation_labels,result_and_disposition,reason_deprioritized_or_limit,unresolved_question,source_evidence
CAT-001,MTH-001,detector_or_evidence_method,"Kernel, discrepancy, and density comparison",Adaptive Kernel Forgetting,Adaptive Online Kernel Forgetting — Stage 1,"Jiang and Bodenham's *Adaptive online kernel changepoint detection* ((https:), v1 posted 2026-09-18) adapts an RKHS mean embedding's forgetting factor online using a directional gradient. Unlike the repository's fixed-rate/dyadic RFF-MMD stream, this experiment asks whether the per-observation memory adaptation adds useful ranking information after historical Rosenblatt whitening.",Implementation detail not captured in the public index; see the release-assigned report IDs for provenance.,Report summary mentions a historical-only reference and/or causal online prefix; see the method-specific report record.,Adaptive Online Kernel Forgetting — Stage 1,Not captured in the public index summary; consult the family-level matched-control discussion in docs/failed_experiments.md.,not established in public catalog summary,feasibility_or_planned,UNKNOWN_FROM_PUBLIC_INDEX,Adaptive Online Kernel Forgetting — Stage 1 Status: completed feasibility screen; tested configurations not promoted.,Source summary records no promotion or a feasibility-only result.,"Requires a method-specific matched control and an independent, grouped, nested evaluation; causal guarantees depend on the implementation and assumptions.",experiment_index.csv (3c86f0e890ea5aaa18b07e7b9d3a256479576ff407a732b8088219fe0b1a2ac3)
CAT-002,MTH-002,detector_or_evidence_method,Conditional normalization and score transforms,Adjusted Range Ecdf Rsms,Adjusted-Range ECDF CUSUM / RSMS — Search Report,"On the production Rosenblatt-normalized innovation stream, historical empirical-CDF influence scores (several quantile indicators) may provide causal, self-normalized cumulative evidence for marginal and dynamic changes. The adjusted-range denominator is estimated only from the historical segment. The RSMS monitoring boundary may help rank early breaks when streams have different history lengths. This is a detector-feature experiment, not a change to the locked model. It does not yet implement Bayesian integration over candidate break time `tau`.",Implementation detail not captured in the public index; see the release-assigned report IDs for provenance.,Report summary mentions a historical-only reference and/or causal online prefix; see the method-specific report record.,Adjusted-Range ECDF CUSUM / RSMS — Search Report,Not captured in the public index summary; consult the family-level matched-control discussion in docs/failed_experiments.md.,not established in public catalog summary,not established in indexed summary,UNKNOWN_FROM_PUBLIC_INDEX,No disposition captured in the public index summary.,Promotion status is not established by the public index summary.,"Requires a method-specific matched control and an independent, grouped, nested evaluation; causal guarantees depend on the implementation and assumptions.",experiment_index.csv (d68691b4c7f5d30b41acfdc10ef635b11337c60af49cfeda1ff63dfda679746e)
CAT-003,MTH-003,detector_or_evidence_method,Dynamical and Bayesian models,Ar Focus,AR(p)-Aware FOCuS Evidence — Search Report,Not stated in the indexed source summary; the title identifies the tested approach.,Implementation detail not captured in the public index; see the release-assigned report IDs for provenance.,Not established in the public index summary.,AR(p)-Aware FOCuS Evidence — Search Report,Not captured in the public index summary; consult the family-level matched-control discussion in docs/failed_experiments.md.,not established in public catalog summary,feasibility_or_planned,UNKNOWN_FROM_PUBLIC_INDEX,Status - Stage: planned/Stage-1 F4/F2 feasibility; no model-promotion or cloud-deployment claim.,Promotion status is not established by the public index summary.,"Requires a method-specific matched control and an independent, grouped, nested evaluation; causal guarantees depend on the implementation and assumptions.",experiment_index.csv (874ee8866be53f38982fb3e1802ae2e6a8311848933399b8846ab9eb5774ab23)
CAT-004,MTH-004,detector_or_evidence_method,Dynamical and Bayesian models,Ar Score Mdfocus,AR-Score Gaussian GLR with Convex-Hull Pruning,"HYPOTHESIS: A structural break can change the conditional dynamics even when raw-value marginal evidence is weak. A history-fitted AR model yields a causal score vector for its coefficients; a shift in the vector mean can be detected by an online multivariate Gaussian GLR, potentially complementing the existing Rosenblatt/P2 and CRM evidence. PAPER: Pishchagina et al., “Online Multivariate Changepoint Detection…",Implementation detail not captured in the public index; see the release-assigned report IDs for provenance.,Report summary mentions a historical-only reference and/or causal online prefix; see the method-specific report record.,AR-Score Gaussian GLR with Convex-Hull Pruning,The AR(2) GLR-plus-age setting and 10% blend were frozen before F0[source detail omitted] A matched same-schema P2+aux+CRM model using alternate fixed seed `20260925` served as a generic model-averaging control. | Fold | Baseline | MdFOCuS 10% blend | Generic-seed 10% blend | MdFOCuS excess over generic | |---:|---:|---:|---:|---:|,causal_design_or_exact_stream_reported; audit_scope_varies,exact_stream_or_package_replay_scope_unspecified,UNKNOWN_FROM_PUBLIC_INDEX,"Status: Synthetic feasibility and staged CV-A completed; exploratory only,…",Promotion status is not established by the public index summary.,"Requires a method-specific matched control and an independent, grouped, nested evaluation; causal guarantees depend on the implementation and assumptions.",experiment_index.csv (293465b3e3a1f172a6a8f1c370fd2cb456ae763e971b2a0ae6fd5bcae303310b)
CAT-005,MTH-005,detector_or_evidence_method,"Path, geometry, and ordinal structure",Attractor Network,Whitened Delay-State Attractor Network — Search Report,"Can a geometric model of the historical delay-state attractor produce conditional-dynamics evidence that adds information beyond the current Rosenblatt innovation, DMD, ordinal-transition, and rolling-statistic families? The main comparison is the feature-only head on grouped CV-A F4/F0; a fixed 0.10 blend with exact D2+D3 package OOF predictions is descriptive only. This is not a claim that attractor networks or Markov assumptions are valid for…","First transform each ID using the deployment Rosenblatt stream: fit the history-only BIC-AR reference, empirical normal scores, and causal conditional-scale update. No online future value enters the transform. - Embed each whitened stream causally into delay states of dimension 2 or 3. - Fit vector-quantized phase-state centers and transition counts only on the first 75% of historical delay states. Use the final chronological 25% of history as a held-out, history-only calibration tail. - During online inference, assign each state to its nearest fixed historical…",Report summary mentions a historical-only reference and/or causal online prefix; see the method-specific report record.,Whitened Delay-State Attractor Network — Search Report,Not captured in the public index summary; consult the family-level matched-control discussion in docs/failed_experiments.md.,prefix_or_future_mutation_audit_reported,not established in indexed summary,UNKNOWN_FROM_PUBLIC_INDEX,Status: Stage-1 F4/F0 screen complete; not promoted beyond Stage 1.,Source summary records no promotion or a feasibility-only result.,"Requires a method-specific matched control and an independent, grouped, nested evaluation; causal guarantees depend on the implementation and assumptions.",experiment_index.csv (d66f4ecd27ed4957456056332258750f379b6d1e4fc059fc831ae2232239915d)
CAT-006,MTH-006,detector_or_evidence_method,Dynamical and Bayesian models,Bayesian Ar Context Tree,Bayesian AR Context-Tree Evidence,"Papageorgiou & Kontoyiannis' BCT-AR work motivates integrating over conditional-memory context trees with Gaussian autoregressive leaves. This experiment tested a compact, causal adaptation on the existing exact-stream Rosenblatt innovations. It is distinct from the earlier categorical KT/CTW screen: leaves use conjugate continuous AR likelihoods, not categorical probabilities. It is also not a full Bayesian change-point/run-length model and…","Papageorgiou & Kontoyiannis' BCT-AR work motivates integrating over conditional-memory context trees with Gaussian autoregressive leaves. This experiment tested a compact, causal adaptation on the existing exact-stream Rosenblatt innovations. It is distinct from the earlier categorical KT/CTW screen: leaves use conjugate continuous AR likelihoods, not categorical probabilities. It is also not a full Bayesian change-point/run-length model and does not integrate the candidate break time `tau`. For each ID, the historical segment alone supplies the Rosenblatt whitening…",Report summary mentions a historical-only reference and/or causal online prefix; see the method-specific report record.,Bayesian AR Context-Tree Evidence,Not captured in the public index summary; consult the family-level matched-control discussion in docs/failed_experiments.md.,causal_design_or_exact_stream_reported; audit_scope_varies,exact_stream_or_package_replay_scope_unspecified,UNKNOWN_FROM_PUBLIC_INDEX,No disposition captured in the public index summary.,Promotion status is not established by the public index summary.,"Requires a method-specific matched control and an independent, grouped, nested evaluation; causal guarantees depend on the implementation and assumptions.",experiment_index.csv (b892fda636299d3403bdc244cf73466be6432d37a2de5c1dbac39e4a89304f59)
CAT-007,MTH-007,detector_or_evidence_method,Dynamical and Bayesian models,Bayesian Ar Drift,Bayesian Random-Walk AR Coefficient Drift — Search Report,"Can posterior-predictive evidence from a causal online model of drifting AR coefficients identify changes in conditional dynamics that a fixed historical whitener misses? This is distinct from the existing scalar score-driven AR(1), run-length MBO(q), and point-estimate DMD/RLS experiments: it maintains a posterior over a vector of lag coefficients and scores each observation before updating that posterior.","The input is the exact causal Trial-11 historical Rosenblatt/normal-score innovation stream. For AR order p in {1, 4}, the coefficient posterior is initialized from the historical stream. A Gaussian random-walk state model uses process covariance Q = q P0, q in {0.01, 0.1, 1}. At every online step, the observation is first scored under (a) the frozen historical predictive reference and (b) the current posterior-predictive AR model; only then is the coefficient posterior updated. The resulting prequential log-score contrasts are summarized by EWMA-32 and positive CUSUM, for 12 causal features total.",Report summary mentions a historical-only reference and/or causal online prefix; see the method-specific report record.,Bayesian Random-Walk AR Coefficient Drift — Search Report,Not captured in the public index summary; consult the family-level matched-control discussion in docs/failed_experiments.md.,causal_design_or_exact_stream_reported; audit_scope_varies,not established in indexed summary,UNKNOWN_FROM_PUBLIC_INDEX,Status: completed exploratory CV-A and one frozen reduced transfer diagnostic; not promoted.,Source summary records no promotion or a feasibility-only result.,"Requires a method-specific matched control and an independent, grouped, nested evaluation; causal guarantees depend on the implementation and assumptions.",experiment_index.csv (190cf9a586d4c176c2e07f1d0ebe1ac7c270972b35bda1559db6f4fb5da887bc)
CAT-008,MTH-008,detector_or_evidence_method,Dynamical and Bayesian models,Bayesian Context Tree Segmentation,Bayesian Context-Tree Segmentation — 2026-09-26,Not stated in the indexed source summary; the title identifies the tested approach.,"The starting point is Lungu, Papageorgiou and Kontoyiannis, (https:). The paper models finite-alphabet piecewise-homogeneous variable-memory Markov sequences, independently marginalizes each segment under a BCT/Dirichlet prior, carries the preceding maximum-depth context into a new segment, and assigns change locations a prior proportional to the product of segment lengths. Its location inference is retrospective, not an online causal detector.",Report summary mentions a historical-only reference and/or causal online prefix; see the method-specific report record.,Bayesian Context-Tree Segmentation — 2026-09-26,Not captured in the public index summary; consult the family-level matched-control discussion in docs/failed_experiments.md.,not established in public catalog summary,not established in indexed summary,UNKNOWN_FROM_PUBLIC_INDEX,No disposition captured in the public index summary.,Promotion status is not established by the public index summary.,"Requires a method-specific matched control and an independent, grouped, nested evaluation; causal guarantees depend on the implementation and assumptions.",experiment_index.csv (e2bcb601e87f6e99e59eb93eeeca7f14074161c295ae3a95381667fa6cb0a428)
CAT-009,MTH-009,detector_or_evidence_method,Conditional normalization and score transforms,Bayesian Restart Likelihood,Bayesian Restart Likelihood on Rosenblatt Scores,"Integrating likelihood-ratio evidence over both a change start time and a small set of post-change alternatives may preserve weak persistent evidence that a single maximum scan misses, while yielding compact, interpretable features. The input is the existing `rw_z` stream from `[internal detail omitted][source detail omitted] Its upstream causal transformation is historical AR residual → pre-update EWMA scale →…","Integrating likelihood-ratio evidence over both a change start time and a small set of post-change alternatives may preserve weak persistent evidence that a single maximum scan misses, while yielding compact, interpretable features. The input is the existing `rw_z` stream from `[internal detail omitted][source detail omitted] Its upstream causal transformation is historical AR residual → pre-update EWMA scale → historical empirical-CDF normal score. This experiment does not refit that transformation.",Report summary mentions a historical-only reference and/or causal online prefix; see the method-specific report record.,Bayesian Restart Likelihood on Rosenblatt Scores,Not captured in the public index summary; consult the family-level matched-control discussion in docs/failed_experiments.md.,not established in public catalog summary,not established in indexed summary,UNKNOWN_FROM_PUBLIC_INDEX,"Status: Stage 1 plus frozen Stage 2 transfer complete; exploratory only, not promoted. Scope: New causal evidence features over the existing history-whitened stream; no deployment-package change.",Source summary records no promotion or a feasibility-only result.,"Requires a method-specific matched control and an independent, grouped, nested evaluation; causal guarantees depend on the implementation and assumptions.",experiment_index.csv (a7b9584250c35e50996e4a26f6e2b846bb19a9347ea89735108ce029a3b463ab)
CAT-010,MTH-010,detector_or_evidence_method,Spectral and multiscale evidence,Bispectral C3 Surface,Causal C3 Lag-Surface Search Report,Not stated in the indexed source summary; the title identifies the tested approach.,"Each completed 32-point block contributes its lag-pair third central moments for lags 1–6. The full surface is compared with the historical surface distribution; a compact alternative uses the first 3×3 two-dimensional DCT coefficients. The studentized version independently centers and RMS-scales each complete block before computing third moments. Features update only at a completed block boundary; a partial tail holds its previous value. The Stage-1 cache used the locked `RosenblattStreamingState` and exact `_online_scores` path, with sampled direct-step replay checks.",Report summary mentions a historical-only reference and/or causal online prefix; see the method-specific report record.,Causal C3 Lag-Surface Search Report,Not captured in the public index summary; consult the family-level matched-control discussion in docs/failed_experiments.md.,not established in public catalog summary,grouped_cv_a_partial,PARTIAL_FOLD_WHERE_APPLICABLE,No disposition captured in the public index summary.,Promotion status is not established by the public index summary.,"Requires a method-specific matched control and an independent, grouped, nested evaluation; causal guarantees depend on the implementation and assumptions.",experiment_index.csv (3f45fbb55470903dc30926218a772d41a414b26ae0b3875f6a3f4071c820e528)
CAT-011,MTH-011,detector_or_evidence_method,Spectral and multiscale evidence,Bispectral Phase Coupling,Causal Bispectral Phase-Coupling Evidence,"History-whitened streams may undergo a change in phase-coupled nonlinear dependence while their one-point marginal distribution, mean, variance, and linear autocovariance remain unchanged. A causal lagged third cumulant is one time-domain coefficient of the third-order cumulant surface whose Fourier transform is the bispectrum. It may therefore detect information absent from the current marginal-moment and first/second-order lag-product features.",The candidate measures history-standardized third-order phase coupling with rolling lagged cumulant features. It was compared with a low-order moment and lag-product control using the same windows; this summary does not establish a universal advantage.,Report summary mentions a historical-only reference and/or causal online prefix; see the method-specific report record.,Causal Bispectral Phase-Coupling Evidence,Not captured in the public index summary; consult the family-level matched-control discussion in docs/failed_experiments.md.,not established in public catalog summary,synthetic_screen,PARTIAL_FOLD_WHERE_APPLICABLE,Status - Current stage: fixed-lag C3 Stage 0 and F4/F1 Stage 1 complete; this report…,Promotion status is not established by the public index summary.,"Requires a method-specific matched control and an independent, grouped, nested evaluation; causal guarantees depend on the implementation and assumptions.",experiment_index.csv (35970ba35a52bf1e8ba11de747b164bb40cd15572293f037388bad0e9602383e)
CAT-012,MTH-012,detector_or_evidence_method,Spectral and multiscale evidence,Bispectral Triplet Online,Causal Frequency-Triplet Bispectral Change Evidence,"Quadratic phase coupling at `f3=f1+f2[artifact detail omitted]B(f1,f2) = E[X(f1) X(f2) conj(X(f1+f2))]`. The phase of this complex quantity carries the triad phase relation. The normalized squared magnitude is conventionally called bicoherence. The…",Implementation detail not captured in the public index; see the release-assigned report IDs for provenance.,Report summary mentions a historical-only reference and/or causal online prefix; see the method-specific report record.,Causal Frequency-Triplet Bispectral Change Evidence,Not captured in the public index summary; consult the family-level matched-control discussion in docs/failed_experiments.md.,not established in public catalog summary,grouped_cv_a_partial,PARTIAL_FOLD_WHERE_APPLICABLE,Status - Decision: close this fixed three-triplet[source detail omitted] feature head; do…,Promotion status is not established by the public index summary.,"Requires a method-specific matched control and an independent, grouped, nested evaluation; causal guarantees depend on the implementation and assumptions.",experiment_index.csv (a5ccc5a0a30765aab4515be0a14960023b1a5ca85f6da34f31c35d5ae3038e78)
CAT-013,MTH-013,detector_or_evidence_method,"Supervised heads, ensembles, and selection",Break Presence Factorization,Break Incidence × Conditional Timing — Search Report,"Does the causal factorization P(y_t=1 | X[0:t]) = P(B=1 | X[0:t]) × P(y_t=1 | B=1, X[0:t]) improve pointwise TS-AUC by modeling ID-level break existence separately from break timing?","Exact production Rosenblatt features: rw_z, typed mean[source detail omitted] evidence, rw_joint_logmix, rw_joint_max, and causal log1p(step_idx). - Primary typed inputs and pooled [rw_joint_logmix, log_age] sensitivity. - Control: pointwise LightGBM trained on y_t with official pair-count weights. - Candidate: equal-stream-weight incidence head for B, broken-ID-only timing head for y_t | B=1, product of probabilities. - Four fresh held-seed rotations; matched broken/control series in five mechanisms; 960 streams, 184,320 rows, fixed history length 1,024 and online…",Report summary mentions a historical-only reference and/or causal online prefix; see the method-specific report record.,Break Incidence × Conditional Timing — Search Report,Not captured in the public index summary; consult the family-level matched-control discussion in docs/failed_experiments.md.,not established in public catalog summary,not established in indexed summary,UNKNOWN_FROM_PUBLIC_INDEX,No disposition captured in the public index summary.,Promotion status is not established by the public index summary.,"Requires a method-specific matched control and an independent, grouped, nested evaluation; causal guarantees depend on the implementation and assumptions.",experiment_index.csv (77a46b132c5aff0101c7b1516864492a37a58417993f2304856c3114b1c72c2a)
CAT-014,MTH-014,combination_or_scoring_head,"Supervised heads, ensembles, and selection",Catboost Pairwise P2 Aux,CatBoost P2+Auxiliary Heads and Sampled PairLogit,"Can CatBoost's symmetric-tree classifier or a ranking objective improve the feature-only P2+auxiliary head on pair-weighted stepwise TS-AUC? The input is the existing 48-column causal feature cache: 15 whitened/Rosenblatt evidence features, 10 historical-null P2 features, 4 Koopman features, 4 DMD-residual features, 8 Rosenblatt-martingale features, 6 time-frequency features, and stream age.",Implementation detail not captured in the public index; see the release-assigned report IDs for provenance.,Report summary mentions a historical-only reference and/or causal online prefix; see the method-specific report record.,CatBoost P2+Auxiliary Heads and Sampled PairLogit,Not captured in the public index summary; consult the family-level matched-control discussion in docs/failed_experiments.md.,not established in public catalog summary,feasibility_or_planned,POST_SELECTION_CV,Status: research-only; no package change or model promotion.,Promotion status is not established by the public index summary.,"Requires a method-specific matched control and an independent, grouped, nested evaluation; causal guarantees depend on the implementation and assumptions.",experiment_index.csv (24b794629ff6cc1401f57a0bfd9ef4664ed46a4b1fd3996d6243d27bf4416f63)
CAT-015,MTH-015,combination_or_scoring_head,Other causal evidence methods,Causal Evidence Fusion,Causal P2 Multiscale Evidence Fusion — Search Report,"P2's AR-whitened, tau-integrated Rosenblatt evidence may become more useful when its historical null calibration adapts causally to observed stream age and is combined with orthogonal dynamics, martingale, and spectral evidence. This is a synthesis experiment using already-reviewed method families, not a claim of new theoretical guarantees.","P2 contributes 15 raw features: standardized innovation, mean/scale/ dependence[source detail omitted] log-mixture and max evidence over available tau values, conditional-scale ratio, and historical AR order. - Ten robust-z features compare the same evidence against historical-only null distributions. The calibration scale is the largest of `{16,32,64,128,256,512}` not exceeding observed age, with age below 16 mapped to 16. - Twenty-three auxiliary features cover delay-Koopman, DMD residual betting, Rosenblatt martingales, TF-C discrepancy, and `log1p(step_idx)`.",Report summary mentions a historical-only reference and/or causal online prefix; see the method-specific report record.,Causal P2 Multiscale Evidence Fusion — Search Report,Not captured in the public index summary; consult the family-level matched-control discussion in docs/failed_experiments.md.,not established in public catalog summary,not established in indexed summary,UNKNOWN_FROM_PUBLIC_INDEX,Decision: Do not promote. The feature-only head is weak; its fixed blend with Trial 11 is promising but inherits Trial 11's nested-OOF CV caveat.,Source summary records no promotion or a feasibility-only result.,"Requires a method-specific matched control and an independent, grouped, nested evaluation; causal guarantees depend on the implementation and assumptions.",experiment_index.csv (27ba802bb8dbf8ab85b5854a358f31f3ec7244675cc6b45c5a0dc42e43892262)
CAT-016,MTH-016,detector_or_evidence_method,"Path, geometry, and ordinal structure",Causal Recurrence Geometry,Causal Recurrence Geometry Search,"Can short-window recurrence geometry of the exact history-initialized Rosenblatt innovation stream add useful evidence beyond the existing P2-style summary head, particularly for nonlinear dependence/volatility changes?","Iwayama et al. (2013) reconstructs dynamical states with delay coordinates, forms a recurrence network from a distance threshold, and uses global community/spectral structure to identify regime changes. Walker, Zaitouny, and Correa (2021) uses recurrence-network modularity to score candidate temporal splits. These are global/offline procedures and their original assumptions and guarantees do not transfer to this per-timestep TS-AUC task. The experiment instead embeds each whitened innovation as `(rw_z[t], rw_z[t-1], rw_z[t-2])`. It fixes a distance threshold from sampled…",Report summary mentions a historical-only reference and/or causal online prefix; see the method-specific report record.,Causal Recurrence Geometry Search,Not captured in the public index summary; consult the family-level matched-control discussion in docs/failed_experiments.md.,not established in public catalog summary,not established in indexed summary,UNKNOWN_FROM_PUBLIC_INDEX,No disposition captured in the public index summary.,Promotion status is not established by the public index summary.,"Requires a method-specific matched control and an independent, grouped, nested evaluation; causal guarantees depend on the implementation and assumptions.",experiment_index.csv (85b5513a20e97d5e57bef3a71905dc5e3ff0208e706726c49c19e4aedf4f9f68)
CAT-017,MTH-017,detector_or_evidence_method,Spectral and multiscale evidence,Causal Wavelet Scattering,Causal Wavelet Scattering on Rosenblatt Innovations,"Mallat's wavelet scattering cascade repeatedly applies localized wavelet filters and modulus nonlinearities. For stationary processes, expected scattering coefficients depend on higher-order moments and can distinguish processes whose second-order moments (and thus power spectra) agree. This suggested that second-order modulation paths might reveal nonlinear dependence changes missed by a plain spectral summary.",Implementation detail not captured in the public index; see the release-assigned report IDs for provenance.,Report summary mentions a historical-only reference and/or causal online prefix; see the method-specific report record.,Causal Wavelet Scattering on Rosenblatt Innovations,Not captured in the public index summary; consult the family-level matched-control discussion in docs/failed_experiments.md.,not established in public catalog summary,synthetic_screen,UNKNOWN_FROM_PUBLIC_INDEX,Status: Two cross-seed synthetic screens negative; this fixed feature/head recipe is not advanced to competition folds.,Promotion status is not established by the public index summary.,"Requires a method-specific matched control and an independent, grouped, nested evaluation; causal guarantees depend on the implementation and assumptions.",experiment_index.csv (2d5d4ac8558f80f7e052dabf93d0f58ef832af4e848dd12b34e1ada1860ddbac)
CAT-018,MTH-018,detector_or_evidence_method,Other causal evidence methods,Chasm Mewma,CHASM-Inspired History-Calibrated MEWMA — Stage 0/1,"The prior p=2 CHASM screen monitored raw spectral displacement and velocity norms but omitted the paper's central complex MEWMA/Mahalanobis normalization. History-calibrated covariance may distinguish coherent spectral motion from ordinary estimator noise, especially when the direction of eigenvalue motion matters more than its raw magnitude. A one-step-lag online covariance variant may adapt to heteroscedastic velocity while retaining a causal score.",Implementation detail not captured in the public index; see the release-assigned report IDs for provenance.,Report summary mentions a historical-only reference and/or causal online prefix; see the method-specific report record.,CHASM-Inspired History-Calibrated MEWMA — Stage 0/1,Not captured in the public index summary; consult the family-level matched-control discussion in docs/failed_experiments.md.,causal_design_or_exact_stream_reported; audit_scope_varies,exact_stream_or_package_replay_scope_unspecified,UNKNOWN_FROM_PUBLIC_INDEX,"CHASM-Inspired History-Calibrated MEWMA — Stage 0/1 Status: Stage 0, the frozen F4/F0 Stage-1 screen, and the predeclared Stage-2 cumulative-maximum screen are complete. No CV-B or test-reduced labels have been accessed for this candidate.",Promotion status is not established by the public index summary.,"Requires a method-specific matched control and an independent, grouped, nested evaluation; causal guarantees depend on the implementation and assumptions.",experiment_index.csv (1551cfafe3a0161b2c4f8f3461a5b081da5424f04ee0d5de156067eb5768408a)
CAT-019,MTH-019,detector_or_evidence_method,Spectral and multiscale evidence,Chasm Spectral,CHASM-Inspired Spectral-Velocity Evidence — Stage 0,"After history-fitted AR[source detail omitted] whitening, a break in a univariate stream may change its delay-state transition eigenvalues even when the raw marginal distribution is not the most direct signal. Track the spectrum of a causal order-2 delay operator and the velocity of that spectrum. This tests a modal/oscillatory summary, rather than adding another scalar rolling window or the coefficient-space operator norm used by the earlier Koopman screen.",Implementation detail not captured in the public index; see the release-assigned report IDs for provenance.,Report summary mentions a historical-only reference and/or causal online prefix; see the method-specific report record.,CHASM-Inspired Spectral-Velocity Evidence — Stage 0,Not captured in the public index summary; consult the family-level matched-control discussion in docs/failed_experiments.md.,causal_design_or_exact_stream_reported; audit_scope_varies,grouped_cv_a_full_or_replay,UNKNOWN_FROM_PUBLIC_INDEX,CHASM-Inspired Spectral-Velocity Evidence — Stage 0 Status: staged five-fold CV-A and one frozen reduced diagnostic complete; this approximation is not promoted.,Source summary records no promotion or a feasibility-only result.,"Requires a method-specific matched control and an independent, grouped, nested evaluation; causal guarantees depend on the implementation and assumptions.",experiment_index.csv (9919f34f36ec6377d3fc69f78fc7999d770721f05cb7cc11879d89f2803eab18)
CAT-020,MTH-020,detector_or_evidence_method,Conditional normalization and score transforms,Conditional Copula,Boundary-Reflected Conditional Copula KDE — Stage 0,"After history-fitted AR[source detail omitted] Rosenblatt whitening, nonlinear or asymmetric lag-one dependence might remain. A conditional distribution fit on history could map the online pair `(u[t-1], u[t])` to a history-conditional PIT and provide orthogonal evidence if that dependence changes. The estimator follows the boundary-reflected Gaussian-kernel idea in Soares and Laurini, [“Nonparametric Autoregressive Copula Forecasting via…",Implementation detail not captured in the public index; see the release-assigned report IDs for provenance.,Report summary mentions a historical-only reference and/or causal online prefix; see the method-specific report record.,Boundary-Reflected Conditional Copula KDE — Stage 0,Not captured in the public index summary; consult the family-level matched-control discussion in docs/failed_experiments.md.,not established in public catalog summary,feasibility_or_planned,UNKNOWN_FROM_PUBLIC_INDEX,Boundary-Reflected Conditional Copula KDE — Stage 0 Decision: stop before supervised CV. The tested lag-one KDE does not…,Promotion status is not established by the public index summary.,"Requires a method-specific matched control and an independent, grouped, nested evaluation; causal guarantees depend on the implementation and assumptions.",experiment_index.csv (0ac85b906af4b6c8d9b1af590c20a08221eef43bc8607e58da2e2a8e65f44992)
CAT-021,MTH-021,detector_or_evidence_method,Conformal and sequential inference,Conditional Ctm,Conditional Conformal Test Martingale — Research Report,"When a scalar causal forecast-residual stream is stable, its historical holdout residuals provide a fixed null reference. A conditional conformal test martingale (CCTM) can use that reference without absorbing post-break observations: a DKW uncertainty penalty corrects repeated ECDF reuse, while online Newton steps (ONS) choose a predictable direction for betting. The main empirical question is whether this finite-reference correction preserves…","Split a synthetic or per-ID historical series chronologically: fit the fixed AR score map on the prefix, calculate held-out historical residuals for `D0`, then freeze the map and reference before online scoring. - At online time `t`, calculate the current residual from history and current `x_t` only; map it and its absolute value through their fixed reference ECDFs; apply CCTM bets using `eta_t` learned through `t-1`; then update ONS. - Keep `D0` immutable. The expanding-reference CTM is a comparator only. - The mixture wealth is the equal-weight average of the signed and absolute…",Report summary mentions a historical-only reference and/or causal online prefix; see the method-specific report record.,Conditional Conformal Test Martingale — Research Report,Not captured in the public index summary; consult the family-level matched-control discussion in docs/failed_experiments.md.,causal_design_or_exact_stream_reported; audit_scope_varies,synthetic_screen,UNKNOWN_FROM_PUBLIC_INDEX,"Status: Synthetic Stages 0, 0b, 0c, and 0d are complete. Stage 0d passed…",Promotion status is not established by the public index summary.,"Requires a method-specific matched control and an independent, grouped, nested evaluation; causal guarantees depend on the implementation and assumptions.",experiment_index.csv (3ae184b00c92e12f5baf2029f4db8d2c613bf9019ffd84a73c5249414ed27dd8)
CAT-022,MTH-022,detector_or_evidence_method,Conditional normalization and score transforms,Conditional Expectile,Conditional Expectile Score-CUSUM — Synthetic Stage 0 Report,Not stated in the indexed source summary; the title identifies the tested approach.,Implementation detail not captured in the public index; see the release-assigned report IDs for provenance.,Not established in the public index summary.,Conditional Expectile Score-CUSUM — Synthetic Stage 0 Report,Not captured in the public index summary; consult the family-level matched-control discussion in docs/failed_experiments.md.,not established in public catalog summary,synthetic_screen,UNKNOWN_FROM_PUBLIC_INDEX,Conditional Expectile Score-CUSUM — Synthetic Stage 0 Report Decision: `CLOSED_FIXED_RECIPE_NO_SYNTHETIC_GATE`…,Source summary records no promotion or a feasibility-only result.,"Requires a method-specific matched control and an independent, grouped, nested evaluation; causal guarantees depend on the implementation and assumptions.",experiment_index.csv (972c3289b16fcb4d18191e8379f3e9dc18e0c4d258b38a876624cc75567d045e)
CAT-023,MTH-023,detector_or_evidence_method,Conditional normalization and score transforms,Conditional Hyvarinen,Conditional Hyvarinen Score Evidence on the Rosenblatt Stream,"The hypothesis was that after the production-style historical Rosenblatt transform, a recent-online conditional density fit would reveal changes in the innovation law that are weak in raw-value features. For each current online innovation, cubic Hermite score models compare a history reference against causally fitted recent-online alternatives. Their score differences are aggregated using fixed-window CUSUM and candidate-change-time mixtures. The…","The hypothesis was that after the production-style historical Rosenblatt transform, a recent-online conditional density fit would reveal changes in the innovation law that are weak in raw-value features. For each current online innovation, cubic Hermite score models compare a history reference against causally fitted recent-online alternatives. Their score differences are aggregated using fixed-window CUSUM and candidate-change-time mixtures. The screen covered marginal and conditional score variants and windows 16, 32, 64, and 128. The Stage-2 candidate was fixed to W128 channels before folds 0[source detail omitted]…",Report summary mentions a historical-only reference and/or causal online prefix; see the method-specific report record.,Conditional Hyvarinen Score Evidence on the Rosenblatt Stream,Not captured in the public index summary; consult the family-level matched-control discussion in docs/failed_experiments.md.,not established in public catalog summary,feasibility_or_planned,UNKNOWN_FROM_PUBLIC_INDEX,Status: Stage 0–2 completed; this exact estimator/head is not promoted.,Source summary records no promotion or a feasibility-only result.,"Requires a method-specific matched control and an independent, grouped, nested evaluation; causal guarantees depend on the implementation and assumptions.",experiment_index.csv (58fe8d17700c57198dd00026e1716ae892cab76a3a1f2eca7d5793f1af5aaba2)
CAT-024,MTH-024,detector_or_evidence_method,Conditional normalization and score transforms,Conditional Pit,Causal Conditional-PIT Complement Search,Not stated in the indexed source summary; the title identifies the tested approach.,Implementation detail not captured in the public index; see the release-assigned report IDs for provenance.,Not established in the public index summary.,Causal Conditional-PIT Complement Search,Not captured in the public index summary; consult the family-level matched-control discussion in docs/failed_experiments.md.,not established in public catalog summary,not established in indexed summary,UNKNOWN_FROM_PUBLIC_INDEX,No disposition captured in the public index summary.,Promotion status is not established by the public index summary.,"Requires a method-specific matched control and an independent, grouped, nested evaluation; causal guarantees depend on the implementation and assumptions.",experiment_index.csv (866f320df766e23edfd2c962ddb94a938ee1fd4bce9c2c5052c147dc4b5cc3b5)
CAT-025,MTH-025,detector_or_evidence_method,"Kernel, discrepancy, and density comparison",Conditional Rulsif,Conditional Relative-Pearson Transition Evidence — Stage 0,"After historical AR[source detail omitted] whitening, the causal transition law `P(z_t | context(z_(t-1)))` may change even when a marginal rank detector is weak. Estimate a bounded relative density ratio between the historical conditional response distribution and recent online responses inside history-defined lag-context bins. This is distinct from the tested WCTM adaptation: WCTM reweighted fixed-reference conformity ranks by context…","Use `z_t` from the exact BIC-AR residual → pre-update EWMA scale → historical-ECDF normal-score stream. Transform history through the same history-fitted ECDF and verify online scores against cached `rw_z`. - Define `X_t=z_(t-1)` and `Y_t=z_t`. Fit lag-context cutpoints and historical conditional response moments from history only. In the online stream, add `(X_t,Y_t)` to a trailing window before emitting that step's score. - Within each lag bin, use one-dimensional RFFs of `Y` and a regularized RuLSIF quadratic objective to estimate the historical-vs-recent…",Report summary mentions a historical-only reference and/or causal online prefix; see the method-specific report record.,Conditional Relative-Pearson Transition Evidence — Stage 0,Not captured in the public index summary; consult the family-level matched-control discussion in docs/failed_experiments.md.,prefix_or_future_mutation_audit_reported,synthetic_screen,UNKNOWN_FROM_PUBLIC_INDEX,Conditional Relative-Pearson Transition Evidence — Stage 0 Status: Stage-1 F4/F2 feasibility screen is positive but small; two 2-bin settings are frozen for F1/F3 confirmation.,Promotion status is not established by the public index summary.,"Requires a method-specific matched control and an independent, grouped, nested evaluation; causal guarantees depend on the implementation and assumptions.",experiment_index.csv (eb5bab7aea6dafb10f021423750601b33d9ce1e55a9bd0483cfbfa9e80ce39e1)
CAT-026,MTH-026,detector_or_evidence_method,Conformal and sequential inference,Conformal Restart Martingale,Sequential Insertion-Rank Conformal Restart Evidence,"Bhattacharyya and Ramdas propose conformal martingales with local restarts and aggregate restart evidence for change detection. Their paper assumes exchangeable/IID observations for the stated validity and delay guarantees. This challenge adaptation uses estimated AR innovations that may remain dependent, with deterministic midranks for ties; no conformal validity, e-process, PFA, or ARL guarantee is claimed. The method is an empirical…","For each ID, fit a BIC-selected AR model of order at most 12 on the complete historical segment. Divide online one-step residuals by a historical residual standard deviation; the AR parameters and scale are frozen for the whole online stream. At time `t`, rank the current signed residual against all prior online residuals. With `L` prior values strictly smaller and `E` tied values, use [artifact detail omitted] and [artifact detail omitted], where `n` is the number of prior online scores. The absolute-tail channel uses…",Report summary mentions a historical-only reference and/or causal online prefix; see the method-specific report record.,Sequential Insertion-Rank Conformal Restart Evidence,Not captured in the public index summary; consult the family-level matched-control discussion in docs/failed_experiments.md.,not established in public catalog summary,grouped_cv_a_full_or_replay,UNKNOWN_FROM_PUBLIC_INDEX,"Status: Online-only stages 1–3, a history-seeded five-fold CV-A follow-up,…",Promotion status is not established by the public index summary.,"Requires a method-specific matched control and an independent, grouped, nested evaluation; causal guarantees depend on the implementation and assumptions.",experiment_index.csv (8ebda152dd5d1758dde84529dc32ec09f1d01e8d439e7dfb30d3515da997c9ef)
CAT-027,MTH-027,detector_or_evidence_method,Conformal and sequential inference,Conformal Restart Max,Conformal Restart Maximum and tau Mixture,Not stated in the indexed source summary; the title identifies the tested approach.,Implementation detail not captured in the public index; see the release-assigned report IDs for provenance.,Report summary mentions a historical-only reference and/or causal online prefix; see the method-specific report record.,Conformal Restart Maximum and tau Mixture,Not captured in the public index summary; consult the family-level matched-control discussion in docs/failed_experiments.md.,not established in public catalog summary,grouped_cv_a_partial,POST_SELECTION_CV;PARTIAL_FOLD_WHERE_APPLICABLE,Status: causal feature streams and staged CV-A screens complete; harmonic `tau`…,Promotion status is not established by the public index summary.,"Requires a method-specific matched control and an independent, grouped, nested evaluation; causal guarantees depend on the implementation and assumptions.",experiment_index.csv (f9c15133048ef750d1fe523070f2a9c2e5e18b51f14fce6fbf87ea9a1d333a27)
CAT-028,MTH-028,detector_or_evidence_method,Dynamical and Bayesian models,Context Tree,Whitened Categorical Context-Tree Mixture — Search Report,"After the existing history-only AR[source detail omitted] Rosenblatt transform, discretize `rw_z` and compare two conditional predictors: - A historical reference fitted only on the ID's historical whitened stream and frozen for online inference. - A copy initialized identically, then updated sequentially on the online prefix through the current observation.",Implementation detail not captured in the public index; see the release-assigned report IDs for provenance.,Report summary mentions a historical-only reference and/or causal online prefix; see the method-specific report record.,Whitened Categorical Context-Tree Mixture — Search Report,Not captured in the public index summary; consult the family-level matched-control discussion in docs/failed_experiments.md.,causal_design_or_exact_stream_reported; audit_scope_varies,exact_stream_or_package_replay_scope_unspecified,UNKNOWN_FROM_PUBLIC_INDEX,Status: Stage-1 completed; tested configurations not promoted.,Source summary records no promotion or a feasibility-only result.,"Requires a method-specific matched control and an independent, grouped, nested evaluation; causal guarantees depend on the implementation and assumptions.",experiment_index.csv (d84883c237a083eb61d71eed4523ae7185710ed8d20208f3a9c1b4793f177a38)
CAT-029,MTH-029,detector_or_evidence_method,Other causal evidence methods,Cptc State Calibration,State-Conditioned Online Quantile Calibration (CPTC-Inspired),"The current exact package ranks with a causal whitened detector. A separate state-conditioned calibration path may expose whether its standardized innovation is surprising under the currently predicted stable/recent-change state. This tests calibration-state interactions, not another raw rolling statistic. The initial state predictor is a *pre-observation* Bayesian AR run-length posterior; a separate global quantile calibrator is the control.","Fit the historical AR/Rosenblatt reference from each ID's historical rows only; use the exact cached `rw_z` stream used by the D2+D3 package. - Initialize the q=1, hazard-1/128 run-length model as an established historical regime with a capped long-run state. Before processing each online value, predict the probability that its current run length is at most eight. This is the stable/recent state mass used to route calibration. - Seed both calibration states with the same historical 90th-percentile absolute innovation. Emit features from the pre-update quantiles and current…",Report summary mentions a historical-only reference and/or causal online prefix; see the method-specific report record.,State-Conditioned Online Quantile Calibration (CPTC-Inspired),Not captured in the public index summary; consult the family-level matched-control discussion in docs/failed_experiments.md.,not established in public catalog summary,exact_stream_or_package_replay_scope_unspecified,UNKNOWN_FROM_PUBLIC_INDEX,Status: Stage 3 completed for one frozen joint-head blend; not promoted.,Source summary records no promotion or a feasibility-only result.,"Requires a method-specific matched control and an independent, grouped, nested evaluation; causal guarantees depend on the implementation and assumptions.",experiment_index.csv (9ad34c8e66f06d75b09105f17bc9423eaca212f7c739e1b4750eebf18a64f740)
CAT-030,MTH-030,combination_or_scoring_head,"Kernel, discrepancy, and density comparison",Crm Rulsif Fusion,History-Seeded CRM + Conditional RuLSIF Fusion,"History-seeded conformal restart martingale (CRM) summarizes insertion-rank evidence from standardized innovations. Conditional RuLSIF summarizes changes in the response distribution conditional on a lag-context bin. Because these are different estimators, a LightGBM head with both feature blocks might improve on either alone. This is a feature-only ablation; no base-model prediction is an input.",Implementation detail not captured in the public index; see the release-assigned report IDs for provenance.,Not established in the public index summary.,History-Seeded CRM + Conditional RuLSIF Fusion,Not captured in the public index summary; consult the family-level matched-control discussion in docs/failed_experiments.md.,not established in public catalog summary,grouped_cv_a_full_or_replay,UNKNOWN_FROM_PUBLIC_INDEX,Status: Full five-fold grouped CV-A and one frozen reduced diagnostic complete; not promoted.,Source summary records no promotion or a feasibility-only result.,"Requires a method-specific matched control and an independent, grouped, nested evaluation; causal guarantees depend on the implementation and assumptions.",experiment_index.csv (31d8b3e501cd0d6f47b2df41ff8b6c5c15e048a97d59791f19db4f24f35baa1c)
CAT-031,MTH-031,detector_or_evidence_method,Dynamical and Bayesian models,Cross Id Bayesian Meta Prior,Cross-ID Bayesian Meta-Prior for Dynamics,"Huang & Michailidis, (https:), model each task's transition matrix with a shared matrix-normal prior, learn its mean and covariance across training tasks using a fit-plus-KL objective, then adapt to a new task with a closed-form posterior. For a univariate AR(p), the corresponding Gaussian update is…","Each ID is a task. AR coefficients are fitted after centering/scaling only by that ID's historical segment; a cohort Gaussian prior is learned from other IDs' histories only. - The prior uses a robust empirical mean and method-of-moments covariance, subtracting average task-estimator covariance and flooring eigenvalues. This is an empirical-Bayes adaptation, not the paper's fit-KL optimizer. - Historical posterior predictive residuals, variance-normalized surprise, cumulative/EWMA surprise, signed cumulative residual, online posterior…",Report summary mentions a historical-only reference and/or causal online prefix; see the method-specific report record.,Cross-ID Bayesian Meta-Prior for Dynamics,Not captured in the public index summary; consult the family-level matched-control discussion in docs/failed_experiments.md.,causal_design_or_exact_stream_reported; audit_scope_varies,exact_stream_or_package_replay_scope_unspecified,UNKNOWN_FROM_PUBLIC_INDEX,Status: Stage 1/2 complete; tested representation and frozen blend not…,Source summary records no promotion or a feasibility-only result.,"Requires a method-specific matched control and an independent, grouped, nested evaluation; causal guarantees depend on the implementation and assumptions.",experiment_index.csv (47f90f3f7fd0ab7ea449930891088260416f8b6f20808d07534e99060a3d45e3)
CAT-032,MTH-032,detector_or_evidence_method,Statistical and sequential baselines,Denoising Score Cusum,Denoising Score-Matching CUSUM on Whitened Lag States,"The Trial-11 pipeline is strong at marginal/conditional innovation evidence, but may miss nonlinear changes in the joint geometry of adjacent whitened innovations. Estimating smoothed score functions for historical and recent lag-state distributions, then contrasting their Hyvärinen scores, could detect conditional changes that raw moments and a first-order lag product miss. This differs from the existing scalar Stein-moment feature: it estimates the…","1. Transform historical and online values with the existing history-fitted Rosenblatt stream. Form lag states `u_t = (rw_z[t], rw_z[t-1])`, carrying the last historical innovation into the first online state. 2. Select at most 64 reference centers from the first 80% of historical lag-states. Reserve the remaining history for a null-calibration stream. 3. Approximate denoising score matching with the exact score of the empirical Gaussian-smoothed distribution `p_sigma(u) = mean_i N(u; center_i, sigma^2 I)`. For normalized kernel…",Report summary mentions a historical-only reference and/or causal online prefix; see the method-specific report record.,Denoising Score-Matching CUSUM on Whitened Lag States,Not captured in the public index summary; consult the family-level matched-control discussion in docs/failed_experiments.md.,not established in public catalog summary,synthetic_screen,UNKNOWN_FROM_PUBLIC_INDEX,Decision: stop this finite Gaussian-KDE score adaptation before Stage 2…,Promotion status is not established by the public index summary.,"Requires a method-specific matched control and an independent, grouped, nested evaluation; causal guarantees depend on the implementation and assumptions.",experiment_index.csv (c6022d8f04fccecdd4d6407f214b03deabe85810a02319dae3c348065f37b190)
CAT-033,MTH-033,detector_or_evidence_method,"Kernel, discrepancy, and density comparison",Dependence U Statistic,Dependence-Aware Two-Sample U-Statistic — Research Record,"After the history-fitted Rosenblatt transform, changes in dependence can remain even when the marginal innovation stream is close to standard normal. A history-versus-current-window unbiased two-sample U-statistic on scalar and lag-1 delay states may encode changes that a one-sample MMD-to-Gaussian score or scalar mean/scale feature misses.",Implementation detail not captured in the public index; see the release-assigned report IDs for provenance.,Not established in the public index summary.,Dependence-Aware Two-Sample U-Statistic — Research Record,Not captured in the public index summary; consult the family-level matched-control discussion in docs/failed_experiments.md.,not established in public catalog summary,synthetic_screen,UNKNOWN_FROM_PUBLIC_INDEX,Status: Stage 0 implementation and synthetic feasibility pending. No…,Promotion status is not established by the public index summary.,"Requires a method-specific matched control and an independent, grouped, nested evaluation; causal guarantees depend on the implementation and assumptions.",experiment_index.csv (12c64e79c0df925af94ccda2a0d9ad828735d2d98ffc004dc5e5e96b5c012a1b)
CAT-034,MTH-034,detector_or_evidence_method,Dynamical and Bayesian models,Dmd Koopman,Delay-DMD / Koopman Dynamics Evidence — Search Report,"After historical AR[source detail omitted] normal-score whitening, the online sequence may still undergo a change in its conditional transition law. A compact history-fitted delay operator and a prequential online operator could detect that change even when a short-window marginal distribution discrepancy is small. This is distinct in inductive bias from the current OKC RBF-MMD feature, which compares distributions of lag states.","O-MAGIC (Sun et al., arXiv:2411.12277) uses a Gaussian-process prior with an ODE derivative-manifold constraint, a two-sample GLR, and parameter-change uncertainty. It assumes a specified dynamical vector field and focuses on noisy/sparse ODE observations. Since this competition provides no known governing ODE, directly porting O-MAGIC would add unsupported modeling assumptions and heavy inference; it motivates only the simpler system- identification residual here. WATCH (Prinster et al., arXiv:2505.04608v6, revised 2026-09-11) constructs…",Report summary mentions a historical-only reference and/or causal online prefix; see the method-specific report record.,Delay-DMD / Koopman Dynamics Evidence — Search Report,Not captured in the public index summary; consult the family-level matched-control discussion in docs/failed_experiments.md.,not established in public catalog summary,grouped_cv_a_full_or_replay,UNKNOWN_FROM_PUBLIC_INDEX,Status - Current stage: Stage 3 full five-fold cross-fit and complementarity diagnostics…,Promotion status is not established by the public index summary.,"Requires a method-specific matched control and an independent, grouped, nested evaluation; causal guarantees depend on the implementation and assumptions.",experiment_index.csv (66ab8ffb6b1886f714a809b8972670ef7f0ce4f36533d329f058041552436722)
CAT-035,MTH-035,detector_or_evidence_method,Dynamical and Bayesian models,Dmd Markov Transition,DMD Residual-Rank Markov Transition — Search Report,"The marginal distribution of a history-calibrated DMD residual rank can remain similar while its conditional transition law changes. A smoothed transition model, fit using only the historical reference, could expose persistence or switching patterns that the baseline score and ordinary residual magnitude do not represent directly. PAPER: Vovk, Nouretdinov, and Gammerman, “Conformal testing: binary case with…","For delay order `p`, fit a ridge linear predictor on the historical whitened stream. Historical calibration residuals use analytic fixed-penalty leave-one-out correction. Convert signed residuals into historical-calibrated rank values, discretize ranks into four bins, and estimate a historical transition matrix with symmetric Dirichlet prior `0.5` per cell. Construct four alternatives by adding diagonal logit tilts `−1.5, −0.5, +0.5, +1.5`. For each alternative, emit current rank[source detail omitted] features, cumulative log likelihood-ratio wealth, and a log mixture across candidate…",Report summary mentions a historical-only reference and/or causal online prefix; see the method-specific report record.,DMD Residual-Rank Markov Transition — Search Report,Not captured in the public index summary; consult the family-level matched-control discussion in docs/failed_experiments.md.,not established in public catalog summary,not established in indexed summary,UNKNOWN_FROM_PUBLIC_INDEX,Status…,Promotion status is not established by the public index summary.,"Requires a method-specific matched control and an independent, grouped, nested evaluation; causal guarantees depend on the implementation and assumptions.",experiment_index.csv (df06084531583795023b89fdfe16c36b091df5aa32d7857fcb9cb0d58cdc5008)
CAT-036,MTH-036,detector_or_evidence_method,Conformal and sequential inference,Dmd Residual Betting,DMD Residual Rank Betting — Search Report,"The existing delay-DMD head measures online operator adaptation and predictive log-score gain. This experiment asks whether the magnitude and sign of its history-operator one-step residual provide complementary evidence when ranked against a historical residual reference, then accumulated with fixed betting functions and a candidate-change-time mixture. The claim is empirical feature usefulness only. It is not a formally valid…","For each order `p in {2, 4}`, fit the same ridge delay operator on the historical Rosenblatt-normal-score stream. For historical residual `e_i` and ridge smoother leverage `h_i`, form the fixed-penalty leave-one-out residual [artifact detail omitted]. This is an analytic LOO correction for the linear ridge smoother, not an online residual sequence. Sort the LOO residuals and their absolute values as the historical calibration reference. At online step `t`, compute the current predictive residual using only the historical operator and the delay state available through `t-1`. Convert it to…",Report summary mentions a historical-only reference and/or causal online prefix; see the method-specific report record.,DMD Residual Rank Betting — Search Report,Not captured in the public index summary; consult the family-level matched-control discussion in docs/failed_experiments.md.,causal_design_or_exact_stream_reported; audit_scope_varies,grouped_cv_a_partial,PARTIAL_FOLD_WHERE_APPLICABLE,No disposition captured in the public index summary.,Promotion status is not established by the public index summary.,"Requires a method-specific matched control and an independent, grouped, nested evaluation; causal guarantees depend on the implementation and assumptions.",experiment_index.csv (4b95f5a42a00b685b4fd5ed69297954520784a2e4381fd8b0cd2fbaa6e4a6d64)
CAT-037,MTH-037,detector_or_evidence_method,Dynamical and Bayesian models,Dynamic Tau Grid,Dynamic Geometric Tau-Grid — Stage 1 Report,Not stated in the indexed source summary; the title identifies the tested approach.,Implementation detail not captured in the public index; see the release-assigned report IDs for provenance.,Report summary mentions a historical-only reference and/or causal online prefix; see the method-specific report record.,Dynamic Geometric Tau-Grid — Stage 1 Report,"Three compact log-mixture sets were fit with the same 200-round LightGBM head. At fixed 20% candidate weight, `logmix_all`, `scale_joint`, and `scale_dependence_joint[artifact detail omitted].609234/.616886`, [artifact detail omitted], and [artifact detail omitted], respectively. Their F4 results are effectively tied. The three-column `scale_dependence_joint` set was frozen for",not established in public catalog summary,grouped_cv_a_partial,PARTIAL_FOLD_WHERE_APPLICABLE,"Dynamic Geometric Tau-Grid — Stage 1 Report The causal Stage-1 screen ran on grouped-ID CV-A F4 and F1 only (2,000 held…",Promotion status is not established by the public index summary.,"Requires a method-specific matched control and an independent, grouped, nested evaluation; causal guarantees depend on the implementation and assumptions.",experiment_index.csv (511217a1b20fadc01631e1405251af67a07f9034d14921f7d348eac45ca28457)
CAT-038,MTH-038,validation_audit,"Supervised heads, ensembles, and selection",Ensemble Audit,OOF Ensemble Audit,Not stated in the indexed source summary; the title identifies the tested approach.,Implementation detail not captured in the public index; see the release-assigned report IDs for provenance.,Not established in the public index summary.,OOF Ensemble Audit,Not captured in the public index summary; consult the family-level matched-control discussion in docs/failed_experiments.md.,not established in public catalog summary,not established in indexed summary,UNKNOWN_FROM_PUBLIC_INDEX,No disposition captured in the public index summary.,Promotion status is not established by the public index summary.,"Requires a method-specific matched control and an independent, grouped, nested evaluation; causal guarantees depend on the implementation and assumptions.",experiment_index.csv (f04b6994813b682f816ff9deb4d6557932a7671522ec5c7b2ed48e759a6b1ebb)
CAT-039,MTH-039,detector_or_evidence_method,Conformal and sequential inference,Evidence Portfolio Optimizer,Causal Evidence Portfolio Optimizer — Stage 1,"Can label-blind causal evidence streams for historical-null Rosenblatt evidence, sequential RFF, conditional dynamics, residual betting, martingale evidence, and spectral discrepancy be combined by a compact nonnegative portfolio? Does Optuna TPE or a metaheuristic improve on random search when judged on outer grouped folds?",Implementation detail not captured in the public index; see the release-assigned report IDs for provenance.,Report summary mentions a historical-only reference and/or causal online prefix; see the method-specific report record.,Causal Evidence Portfolio Optimizer — Stage 1,Not captured in the public index summary; consult the family-level matched-control discussion in docs/failed_experiments.md.,not established in public catalog summary,not established in indexed summary,UNKNOWN_FROM_PUBLIC_INDEX,Causal Evidence Portfolio Optimizer — Stage 1 Decision: Not promising as a standalone candidate; do not promote or spend more budget tuning these six channels.,Source summary records no promotion or a feasibility-only result.,"Requires a method-specific matched control and an independent, grouped, nested evaluation; causal guarantees depend on the implementation and assumptions.",experiment_index.csv (679e117953dfa04e962599143d072b334cb8d7872394359e6716981d13aea512)
CAT-040,MTH-040,detector_or_evidence_method,Other causal evidence methods,Feature Icm Ellipsoid,Feature-Based ICM with Ellipsoidal-kNN Delay-State Nonconformity,Not stated in the indexed source summary; the title identifies the tested approach.,Implementation detail not captured in the public index; see the release-assigned report IDs for provenance.,Report summary mentions a historical-only reference and/or causal online prefix; see the method-specific report record.,Feature-Based ICM with Ellipsoidal-kNN Delay-State Nonconformity,Not captured in the public index summary; consult the family-level matched-control discussion in docs/failed_experiments.md.,not established in public catalog summary,feasibility_or_planned,UNKNOWN_FROM_PUBLIC_INDEX,Status: Stage 0 completed; primary synthetic gate passed. No challenge CV was run.,Promotion status is not established by the public index summary.,"Requires a method-specific matched control and an independent, grouped, nested evaluation; causal guarantees depend on the implementation and assumptions.",experiment_index.csv (91e757d9f2bc7ae19623cb519c8c57cca5f50988a981a7064d4bf83de94c7b6e)
CAT-041,MTH-041,selection_or_training_method,"Supervised heads, ensembles, and selection",Feature Only Blend Optimizer,Feature-Only Blend Weight Optimizer — 2026-09-27,"Does a low-dimensional optimizer improve a blend between two grouped-ID- excluded, feature-only heads, and do Optuna TPE, simulated annealing, or Nevergrad DE/PSO outperform a simple grid on held-out IDs?",Implementation detail not captured in the public index; see the release-assigned report IDs for provenance.,Not established in the public index summary.,Feature-Only Blend Weight Optimizer — 2026-09-27,Not captured in the public index summary; consult the family-level matched-control discussion in docs/failed_experiments.md.,not established in public catalog summary,not established in indexed summary,UNKNOWN_FROM_PUBLIC_INDEX,No disposition captured in the public index summary.,Promotion status is not established by the public index summary.,"Requires a method-specific matched control and an independent, grouped, nested evaluation; causal guarantees depend on the implementation and assumptions.",experiment_index.csv (4e7b0f2449d281bf48a2f7ec91e2d7338f58406b5efe48a2d6ffa4159a6abfde)
CAT-042,MTH-042,representation_or_model,Learned representations and neural methods,Feature To Tabpfn Feasibility,Feature-to-TabPFN: Exact-Stream Feasibility Audit,A tabular foundation model might combine compact evidence from distinct causal families more effectively than the current LightGBM heads. The tested question here is narrower: can TS2TabPFN or stock TabPFN be used as a per-time-step predictor under this challenge's strict value-by-value inference contract?,"The packaged `infer()` is a generator over `(historical, online)` streams. For each online value it updates state and yields that step's score immediately; it does not receive an entire query matrix in advance. The training corpus has about 5,036,517 online rows across 10,000 IDs. The causal adaptation would need to map a compact evidence vector available at age `t` to a score using only fold-excluded training examples, and it must emit the score for `t` without using any later online row. Batching future rows in a TabPFN query set is ruled out: query-wise…",Report summary mentions a historical-only reference and/or causal online prefix; see the method-specific report record.,Feature-to-TabPFN: Exact-Stream Feasibility Audit,Not captured in the public index summary; consult the family-level matched-control discussion in docs/failed_experiments.md.,not established in public catalog summary,exact_stream_or_package_replay_scope_unspecified,UNKNOWN_FROM_PUBLIC_INDEX,"Status: Stage 0 literature/runtime feasibility screen; no dependency,…",Promotion status is not established by the public index summary.,"Requires a method-specific matched control and an independent, grouped, nested evaluation; causal guarantees depend on the implementation and assumptions.",experiment_index.csv (865e5421ccf7f91dc278b9cfadc4c53b8e0606758ae32430dff6bc8f8dbc14f0)
CAT-043,MTH-043,detector_or_evidence_method,Conformal and sequential inference,Fixed History Cmm,Fixed-History Conformal Mixture Martingale,"Can a fixed historical rank bank, combined with a shared betting-density mixture over candidate post-change starts, retain localized evidence and add information beyond the existing history-seeded insertion-rank CRM? The first implementation uses static AR residual ranks rather than the full conditional Rosenblatt pipeline. This distinction matters: it tests a low-cost CMM construction, not the complete whitening sequence requested in…",Implementation detail not captured in the public index; see the release-assigned report IDs for provenance.,Report summary mentions a historical-only reference and/or causal online prefix; see the method-specific report record.,Fixed-History Conformal Mixture Martingale,Not captured in the public index summary; consult the family-level matched-control discussion in docs/failed_experiments.md.,causal_design_or_exact_stream_reported; audit_scope_varies,not established in indexed summary,UNKNOWN_FROM_PUBLIC_INDEX,No disposition captured in the public index summary.,Promotion status is not established by the public index summary.,"Requires a method-specific matched control and an independent, grouped, nested evaluation; causal guarantees depend on the implementation and assumptions.",experiment_index.csv (748feac83bc12125018f1515143da54f8ba8d3b53dd89be62fc0aa8a7fccb434)
CAT-044,MTH-044,detector_or_evidence_method,Other causal evidence methods,Fixed Share Forecast,Fixed-Share Predictive Expert Aggregation,Not stated in the indexed source summary; the title identifies the tested approach.,Implementation detail not captured in the public index; see the release-assigned report IDs for provenance.,Report summary mentions a historical-only reference and/or causal online prefix; see the method-specific report record.,Fixed-Share Predictive Expert Aggregation,Not captured in the public index summary; consult the family-level matched-control discussion in docs/failed_experiments.md.,causal_design_or_exact_stream_reported; audit_scope_varies,grouped_cv_a_full_or_replay,PARTIAL_FOLD_WHERE_APPLICABLE,No disposition captured in the public index summary.,Source summary records no promotion or a feasibility-only result.,"Requires a method-specific matched control and an independent, grouped, nested evaluation; causal guarantees depend on the implementation and assumptions.",experiment_index.csv (784949dff1a891007eb9544350eabdbb3163a4de7e14cfb720aca8266d50ba4f)
CAT-045,MTH-045,detector_or_evidence_method,"Kernel, discrepancy, and density comparison",History Full Scan U,History-Anchored Full-Scan RFF U-Statistic,"Use a finite-RFF unbiased two-sample MMD U-statistic to compare the causal history-plus-observed-prefix sample against geometrically spaced current online suffixes. The hypothesis was that an expanding reference anchor, quadratic distributional evidence, and diagonal correction might capture breaks not represented by a static-history first-order RFF monitor. Boniece, Horváth, and Trapani study online metric-space distributional-change…",Implementation detail not captured in the public index; see the release-assigned report IDs for provenance.,Report summary mentions a historical-only reference and/or causal online prefix; see the method-specific report record.,History-Anchored Full-Scan RFF U-Statistic,Not captured in the public index summary; consult the family-level matched-control discussion in docs/failed_experiments.md.,not established in public catalog summary,not established in indexed summary,POST_SELECTION_CV,Status: weak post-selection complementarity signal; not promoted…,Source summary records no promotion or a feasibility-only result.,"Requires a method-specific matched control and an independent, grouped, nested evaluation; causal guarantees depend on the implementation and assumptions.",experiment_index.csv (36dbfe2c4ccfcb3ad687964736e796f358811f6175d6bcc076ca6aebd0cbd0a6)
CAT-046,MTH-046,detector_or_evidence_method,Other causal evidence methods,Holder Multiscale,Hölder-Weighted Max-Norm Evidence on Whitened Innovations,Not stated in the indexed source summary; the title identifies the tested approach.,"Inspired by Bastian et al., (https:), which scans weighted historical/current contrasts over candidate suffix lengths. This adaptation applies a geometric suffix scan with a Hölder weight to causal Rosenblatt-normal-score channels, then emits one maximum score per stream position. Channels cover location, clipped nonlinear transforms, scale, empirical-tail indicators, and lag dependence. It is a ranking feature, not a calibrated test or a transfer of the paper's theoretical guarantees.",Report summary mentions a historical-only reference and/or causal online prefix; see the method-specific report record.,Hölder-Weighted Max-Norm Evidence on Whitened Innovations,Not captured in the public index summary; consult the family-level matched-control discussion in docs/failed_experiments.md.,not established in public catalog summary,not established in indexed summary,UNKNOWN_FROM_PUBLIC_INDEX,Decision Do not promote the tested variants. The five Stage-1 candidates all lower the…,Source summary records no promotion or a feasibility-only result.,"Requires a method-specific matched control and an independent, grouped, nested evaluation; causal guarantees depend on the implementation and assumptions.",experiment_index.csv (5f44ea101c1c96f6f555ecc2c8d258a4cec077d44fc617e07634324c0d886b1a)
CAT-047,MTH-047,detector_or_evidence_method,Dynamical and Bayesian models,Latent Switching Ar,Latent Switching AR on Rosenblatt Innovations — Search Report,"Hypothesis: after the production causal Rosenblatt transform, a break in dependence may appear as a change between latent conditional-AR modes. A pooled history-trained regime model and causal state-age filter might detect that change even when the one-step marginal innovation surprise is weak. - Primary source: Słupiński, *Bayesian Inference in Recurrent Explicit Duration Switching Linear Dynamical Systems*, AISTATS 2025,…",Implementation detail not captured in the public index; see the release-assigned report IDs for provenance.,Report summary mentions a historical-only reference and/or causal online prefix; see the method-specific report record.,Latent Switching AR on Rosenblatt Innovations — Search Report,Not captured in the public index summary; consult the family-level matched-control discussion in docs/failed_experiments.md.,not established in public catalog summary,not established in indexed summary,UNKNOWN_FROM_PUBLIC_INDEX,Status: Stage 1 closed for this lag-1 Gaussian-mixture / empirical-duration…,Source summary records no promotion or a feasibility-only result.,"Requires a method-specific matched control and an independent, grouped, nested evaluation; causal guarantees depend on the implementation and assumptions.",experiment_index.csv (f5674050f4cafd9d16b88ec85d6cfa84aa031f2812d176c8e787d42d881fbeef)
CAT-048,MTH-048,detector_or_evidence_method,"Path, geometry, and ordinal structure",Lead Lag Signatures,Time-Augmented Hoff Lead–Lag Signatures,"The earlier `(time, rw_z)` signature screens did not represent the Hoff lead–lag lift. In one dimension, the antisymmetric second-level signature of the lead–lag path recovers realized quadratic variation. A time-augmented lead–lag signature can additionally encode when variation accrued within a trailing window and how that variation interacts with the path. This may add ordered conditional-variance information beyond the current Rosenblatt mean,…",Implementation detail not captured in the public index; see the release-assigned report IDs for provenance.,Report summary mentions a historical-only reference and/or causal online prefix; see the method-specific report record.,Time-Augmented Hoff Lead–Lag Signatures,"Before scoring, the frozen protocol kept the W64/W128 72-column schema, 60-round LightGBM, all non-seed parameters, and 10% blend weight unchanged; only `seed`, `feature_fraction_seed`, and `bagging_seed` changed from 42 to 20260929. Each grouped CV-A fold was scored once, training on the other four. | Fold | Trial52 | Seed-42 head blend | Seed-20260929 head blend | Alternate-seed Δ vs Trial52 |",not established in public catalog summary,not established in indexed summary,UNKNOWN_FROM_PUBLIC_INDEX,"Status: Stages 0–2, one frozen test-reduced transfer diagnostic, sampled `main.infer()` parity, and one alternate-seed head control complete; no deployment.",Promotion status is not established by the public index summary.,"Requires a method-specific matched control and an independent, grouped, nested evaluation; causal guarantees depend on the implementation and assumptions.",experiment_index.csv (11e6929d81852045a64c530985274e96c73e3717e32ab8c81b23c367ffd57be5)
CAT-049,MTH-049,detector_or_evidence_method,"Path, geometry, and ordinal structure",Matrix Profile Novelty,Historical Motif Novelty via Matrix-Profile Distances,"The existing recurrence-network, finite-RFF two-sample, and signature screens summarize local geometry or distributions. This experiment tests a different question: does a current causal subsequence become geometrically unlike every historical motif for the same ID? The candidate is a history-to-online nearest-subsequence discord score, not a self-join over the complete stream. Yeh et al., *Matrix Profile I: All Pairs Similarity Joins for Time Series: A…","Original method: exact/anytime subsequence similarity joins; nearest neighbor distances yield motif[source detail omitted] information. - Our setting: one univariate history and one online stream per ID, causal Rosenblatt normal scores, and supervised time-stratified AUC rather than retrospective anomaly discovery. - Adaptation: select a fixed bank of history-only subsequences, keep a disjoint history tail for self-calibration, then compare each trailing online window to the bank. Emit separately calibrated z-normalized shape,…",Report summary mentions a historical-only reference and/or causal online prefix; see the method-specific report record.,Historical Motif Novelty via Matrix-Profile Distances,Not captured in the public index summary; consult the family-level matched-control discussion in docs/failed_experiments.md.,causal_design_or_exact_stream_reported; audit_scope_varies,not established in indexed summary,UNKNOWN_FROM_PUBLIC_INDEX,No disposition captured in the public index summary.,Promotion status is not established by the public index summary.,"Requires a method-specific matched control and an independent, grouped, nested evaluation; causal guarantees depend on the implementation and assumptions.",experiment_index.csv (40eee4d15b9db4ad027278980c76a9edd7e352db071ec3a5a1b52c7afa030e16)
CAT-050,MTH-050,detector_or_evidence_method,Dynamical and Bayesian models,Mbo Q Dependent,MBO(q) Run-Length Evidence on Rosenblatt Innovations,Not stated in the indexed source summary; the title identifies the tested approach.,"Primary source: Tsaknaki, Lillo, and Mazzarisi, “Bayesian Autoregressive Online Change-Point Detection with Time-Varying Parameters,” (https:). This experiment tests the paper's dependent MBO(q) likelihood, not the older IID-normal inverse-gamma BOCPD addon and not the score-driven MBOC/MBOV predictive-score features. The adaptation first fits the AR/Rosenblatt normal-score reference on each ID's historical segment only. It then maintains a Gaussian posterior over a regime-specific mean while conditioning on…",Report summary mentions a historical-only reference and/or causal online prefix; see the method-specific report record.,MBO(q) Run-Length Evidence on Rosenblatt Innovations,Not captured in the public index summary; consult the family-level matched-control discussion in docs/failed_experiments.md.,not established in public catalog summary,not established in indexed summary,UNKNOWN_FROM_PUBLIC_INDEX,Status: Scalar Stage 1/2 and fold-excluded joint-head Stage 1/2 are complete; no MBO(q) candidate is promoted. Method and Scope…,Promotion status is not established by the public index summary.,"Requires a method-specific matched control and an independent, grouped, nested evaluation; causal guarantees depend on the implementation and assumptions.",experiment_index.csv (37fa0e8fb77dc93ed1011f46c8a878b46b273beb48d2f163f6258f22612bade3)
CAT-051,MTH-051,detector_or_evidence_method,Other causal evidence methods,Mps Expert Set,MPS-Style Causal Expert-Set Evidence,"HYPOTHESIS: An online prediction set over history-fitted experts may surface changes in which forecasting dynamics are competitive, while its coverage state provides a common uncertainty scale across streams. PAPER: Li & Zheng, *Online Conformal Model Selection for Nonstationary Time Series*, arXiv:2506.05544v2 (2026-01-28), (https:). Algorithm 1 defines the…","Transform raw history and online observations using the locked Trial52 Rosenblatt streaming engine. Fit AR(0[source detail omitted]) predictors on the first 72% of the historical whitened sequence; estimate each Gaussian variance on the remaining history; score the historical tail and online prefix prequentially. - Build monotone one-sided HAC-normal confidence sets over cumulative losses, with `C_t(0)=all experts`; compute beta from the pointwise current best expert's membership in the previous set; update alpha/lambda using the…",Report summary mentions a historical-only reference and/or causal online prefix; see the method-specific report record.,MPS-Style Causal Expert-Set Evidence,Not captured in the public index summary; consult the family-level matched-control discussion in docs/failed_experiments.md.,not established in public catalog summary,synthetic_screen,UNKNOWN_FROM_PUBLIC_INDEX,Status: Corrected synthetic Stage 0 and one label-blind calibration screen…,Promotion status is not established by the public index summary.,"Requires a method-specific matched control and an independent, grouped, nested evaluation; causal guarantees depend on the implementation and assumptions.",experiment_index.csv (d405e9e5c22eacd1a71cc3e81f395fd1b6b0f5b3d80db3f997b1b8850c3e0d05)
CAT-052,MTH-052,detector_or_evidence_method,"Path, geometry, and ordinal structure",Mrsc Subspace Projection,Multi-Rank Subspace Projection — Search Report,"Lee et al., “Multi-rank Subspace Change-point Detection for Monitoring Robotic Swarms,” arXiv:2506.18562v3 (revised 2026-08-16), propose MRS-C for emerging low-rank covariance structure. A rolling estimate of the leading signal subspace yields projection energy `Z_t = ||Uhat_t^T x_t||²`; a one-sided CUSUM accumulates `Z_t - Delta`. The source studies detection delay and false-alarm rate under iid Gaussian…","The tested feature forms lag vectors from the exact historical-reference Rosenblatt stream, estimates a covariance whitener on history only, and scores the current vector against a rank-2 subspace fit solely to the previous 32 lag-vectors. The basis refreshes every four observations. Historical prequential projection energies calibrate location/scale; outputs are a standardized projection energy, a fixed-drift positive-part CUSUM, and the previous-window top-subspace energy share. This is an empirical adaptation; overlapping lag vectors are dependent and no source guarantee transfers.",Report summary mentions a historical-only reference and/or causal online prefix; see the method-specific report record.,Multi-Rank Subspace Projection — Search Report,Not captured in the public index summary; consult the family-level matched-control discussion in docs/failed_experiments.md.,not established in public catalog summary,grouped_cv_a_partial,PARTIAL_FOLD_WHERE_APPLICABLE,Status: synthetic Stage 0 and grouped CV-A F4/F1 feasibility screen complete…,Promotion status is not established by the public index summary.,"Requires a method-specific matched control and an independent, grouped, nested evaluation; causal guarantees depend on the implementation and assumptions.",experiment_index.csv (ad75f3dae12ae240f457866772d39a46ede13600ba99454d3496c1586d34fe2f)
CAT-053,MTH-053,combination_or_scoring_head,"Supervised heads, ensembles, and selection",Nested Causal Pairwise Correction,Nested Causal Feature-Only Pairwise Correction,"Per-step pairwise reweighting may improve ranking even when the base detector uses only label-blind causal evidence features. To avoid the old P11 failure, all base scores used to identify hard training examples must be cross-fitted inside the outer training folds, and neither head may consume supervised fold-specific prediction columns.",Implementation detail not captured in the public index; see the release-assigned report IDs for provenance.,Report summary mentions a historical-only reference and/or causal online prefix; see the method-specific report record.,Nested Causal Feature-Only Pairwise Correction,Not captured in the public index summary; consult the family-level matched-control discussion in docs/failed_experiments.md.,not established in public catalog summary,not established in indexed summary,UNKNOWN_FROM_PUBLIC_INDEX,No disposition captured in the public index summary.,Promotion status is not established by the public index summary.,"Requires a method-specific matched control and an independent, grouped, nested evaluation; causal guarantees depend on the implementation and assumptions.",experiment_index.csv (91619382b69fc9395f58cc7c9b8ed760a06213a9d6b11391302dc460b5b46f37)
CAT-054,MTH-054;MTH-055,detector_or_evidence_method,Learned representations and neural methods,Neural Dsm Allowance Stage0,Neural DSM CUSUM Allowance — Synthetic Stage 0; Neural DSM CUSUM Allowance — F4/F1 Feasibility Screen,Not stated in the indexed source summary; the title identifies the tested approach.,Implementation detail not captured in the public index; see the release-assigned report IDs for provenance.,Not established in the public index summary.,Neural DSM CUSUM Allowance — Synthetic Stage 0; Neural DSM CUSUM Allowance — F4/F1 Feasibility Screen,Not captured in the public index summary; consult the family-level matched-control discussion in docs/failed_experiments.md.,not established in public catalog summary,synthetic_screen,PARTIAL_FOLD_WHERE_APPLICABLE,"Neural DSM CUSUM Allowance — Synthetic Stage 0 Decision: synthetic gate passed; eligible only for review of a limited,; Decision: fixed `k=.5` transfers as a score correction on both screened…",Promotion status is not established by the public index summary.,"Requires a method-specific matched control and an independent, grouped, nested evaluation; causal guarantees depend on the implementation and assumptions.",experiment_index.csv (0f4c317bd3e316b1536e1f08be6ca336dbb37ebc72a159f7060781ea0ad9e6c1;f5a30d4ecfe0cd1708b18b2ec14e56a9934365b6e194c078ad37388d8c14094c)
CAT-056,MTH-056;MTH-059,detector_or_evidence_method,Learned representations and neural methods,Neural Dsm Stage0,Neural Denoising Score-Matching CUSUM — Synthetic Stage-0; Neural DSM on Actual Rosenblatt Streams — Stage1,"The finite Gaussian-KDE score estimator in `[internal detail omitted][source detail omitted] was closed before Stage 2. This experiment tests the distinct neural DSM estimator, not another KDE bandwidth setting. The primary paper is Zhou et al., (https:). It fits a pre-change score model and adapts a post-change score with one…",Implementation detail not captured in the public index; see the release-assigned report IDs for provenance.,Not established in the public index summary.,Neural Denoising Score-Matching CUSUM — Synthetic Stage-0; Neural DSM on Actual Rosenblatt Streams — Stage1,Not captured in the public index summary; consult the family-level matched-control discussion in docs/failed_experiments.md.,not established in public catalog summary,synthetic_screen,UNKNOWN_FROM_PUBLIC_INDEX,Neural Denoising Score-Matching CUSUM — Synthetic Stage-0 Decision: mechanism/training feasibility established; not promoted; one…,Source summary records no promotion or a feasibility-only result.,"Requires a method-specific matched control and an independent, grouped, nested evaluation; causal guarantees depend on the implementation and assumptions.",experiment_index.csv (b2eb48d11df9408a7f8da51836cbb13000060f4459c6bca9936e7bda635f4665;437b07ff0f53ccc9f5b66d94d143046c671bf2c2687852f2c427e694df672abd)
CAT-057,MTH-057,representation_or_model,Learned representations and neural methods,Neural Dsm Stage0B,Neural DSM Stage-0b — Fresh-Seed Rank-Blend Diagnostic,Not stated in the indexed source summary; the title identifies the tested approach.,Implementation detail not captured in the public index; see the release-assigned report IDs for provenance.,Report summary mentions a historical-only reference and/or causal online prefix; see the method-specific report record.,Neural DSM Stage-0b — Fresh-Seed Rank-Blend Diagnostic,Not captured in the public index summary; consult the family-level matched-control discussion in docs/failed_experiments.md.,not established in public catalog summary,synthetic_screen,UNKNOWN_FROM_PUBLIC_INDEX,"Neural DSM Stage-0b — Fresh-Seed Rank-Blend Diagnostic Decision: the frozen synthetic nonlinear-signal criterion passed, but the…",Promotion status is not established by the public index summary.,"Requires a method-specific matched control and an independent, grouped, nested evaluation; causal guarantees depend on the implementation and assumptions.",experiment_index.csv (204f2bb5d687a43568642566973df7b7c6e038d05420e501afb2df8753881510)
CAT-058,MTH-058,representation_or_model,Learned representations and neural methods,Neural Dsm Stage0C,Neural DSM Stage-0c — Per-Stream Historical-Z Blend,Not stated in the indexed source summary; the title identifies the tested approach.,Implementation detail not captured in the public index; see the release-assigned report IDs for provenance.,Report summary mentions a historical-only reference and/or causal online prefix; see the method-specific report record.,Neural DSM Stage-0c — Per-Stream Historical-Z Blend,Not captured in the public index summary; consult the family-level matched-control discussion in docs/failed_experiments.md.,not established in public catalog summary,synthetic_screen,UNKNOWN_FROM_PUBLIC_INDEX,Neural DSM Stage-0c — Per-Stream Historical-Z Blend Decision: narrow synthetic feasibility pass for nonlinear dependence only…,Promotion status is not established by the public index summary.,"Requires a method-specific matched control and an independent, grouped, nested evaluation; causal guarantees depend on the implementation and assumptions.",experiment_index.csv (8342259d43329994d123c6ca46f5440f079453b0253d073c5b605fa88b16b903)
CAT-060,MTH-060,detector_or_evidence_method,"Kernel, discrepancy, and density comparison",Nonlinear Rff Dynamics,History-Fitted Nonlinear RFF Dynamics Residuals — Search Report,"After history-fitted AR[source detail omitted] Rosenblatt whitening, the conditional transition law of the innovation stream may change while its one-dimensional marginal remains similar. A compact nonlinear map from recent whitened lags to the next innovation may yield prediction-residual evidence complementary to Trial 11 and linear delay-DMD. This differs from D3 RFF-MMD features: D3 compares lag-state distributions,…","For historical whitened sequence `z`, build lag-3 (or lag-1) states `s_t` and the RFF map [artifact detail omitted]. Fit ridge regression on the first 80% of historical transitions, estimate residual center/scale on the trailing 20% history block, and refit coefficients on all historical transitions. At online time `t`, score [artifact detail omitted].",Report summary mentions a historical-only reference and/or causal online prefix; see the method-specific report record.,History-Fitted Nonlinear RFF Dynamics Residuals — Search Report,Not captured in the public index summary; consult the family-level matched-control discussion in docs/failed_experiments.md.,not established in public catalog summary,feasibility_or_planned,UNKNOWN_FROM_PUBLIC_INDEX,Status followed by frozen `p1_r32_bw1` Stage-2 evaluation on F1/F3. - Scope: four Stage-1 configurations on CV-A F4/F2 and one fixed…,Promotion status is not established by the public index summary.,"Requires a method-specific matched control and an independent, grouped, nested evaluation; causal guarantees depend on the implementation and assumptions.",experiment_index.csv (57b36c8098b687454a6faa8670d5e868d8bc953bbd6626f0ccd0ac996b5222ce)
CAT-061,MTH-061,detector_or_evidence_method,Dynamical and Bayesian models,Normal Inverse Gamma Tau,Normal–Inverse-Gamma Mean/Scale Evidence over Candidate Tau — Stage 0,"The causal state consumes one whitened observation at a time and evaluates only suffixes ending at the current prefix. Tested `kappa={0.25,1,4}`, `alpha=2`, `beta=1`, durations `{4,8,16,32,64,128,256,512}`, and duration weights proportional to [artifact detail omitted] over currently available candidates.","The causal state consumes one whitened observation at a time and evaluates only suffixes ending at the current prefix. Tested `kappa={0.25,1,4}`, `alpha=2`, `beta=1`, durations `{4,8,16,32,64,128,256,512}`, and duration weights proportional to [artifact detail omitted] over currently available candidates.",Report summary mentions a historical-only reference and/or causal online prefix; see the method-specific report record.,Normal–Inverse-Gamma Mean/Scale Evidence over Candidate Tau — Stage 0,Not captured in the public index summary; consult the family-level matched-control discussion in docs/failed_experiments.md.,not established in public catalog summary,feasibility_or_planned,UNKNOWN_FROM_PUBLIC_INDEX,Normal–Inverse-Gamma Mean/Scale Evidence over Candidate Tau — Stage 0…,Promotion status is not established by the public index summary.,"Requires a method-specific matched control and an independent, grouped, nested evaluation; causal guarantees depend on the implementation and assumptions.",experiment_index.csv (5a4ce3825b7c6dcf8ee9764cd171f33079a4a3d9d0717eb7a9a32e6fee453e14)
CAT-062,MTH-062,detector_or_evidence_method,Conditional normalization and score transforms,Np Focus Rosenblatt,NP-FOCuS on the Exact Rosenblatt Stream,"The locked Trial52 system turns each observation into a history-initialized, causal Rosenblatt normal score and then integrates parametric evidence over a small set of recent durations. This experiment asks whether the *full Bernoulli likelihood-ratio scan over candidate change locations* on history-calibrated quantile indicators captures marginal-distribution change evidence not represented by those existing parametric duration mixtures.",Implementation detail not captured in the public index; see the release-assigned report IDs for provenance.,Report summary mentions a historical-only reference and/or causal online prefix; see the method-specific report record.,NP-FOCuS on the Exact Rosenblatt Stream,Not captured in the public index summary; consult the family-level matched-control discussion in docs/failed_experiments.md.,not established in public catalog summary,grouped_cv_a_partial,PARTIAL_FOLD_WHERE_APPLICABLE,No disposition captured in the public index summary.,Promotion status is not established by the public index summary.,"Requires a method-specific matched control and an independent, grouped, nested evaluation; causal guarantees depend on the implementation and assumptions.",experiment_index.csv (d99b683ad6c23222de9991027c25e137f1e46960013303f94722cde354df2cef)
CAT-063,MTH-063,detector_or_evidence_method,"Kernel, discrepancy, and density comparison",Object Monitor Rff,Object-Valued Self-Normalized RFF Monitor — 2026-09-26,Not stated in the indexed source summary; the title identifies the tested approach.,Implementation detail not captured in the public index; see the release-assigned report IDs for provenance.,Not established in the public index summary.,Object-Valued Self-Normalized RFF Monitor — 2026-09-26,Not captured in the public index summary; consult the family-level matched-control discussion in docs/failed_experiments.md.,not established in public catalog summary,grouped_cv_a_partial,PARTIAL_FOLD_WHERE_APPLICABLE,Decision…,Promotion status is not established by the public index summary.,"Requires a method-specific matched control and an independent, grouped, nested evaluation; causal guarantees depend on the implementation and assumptions.",experiment_index.csv (4bfa496a7525702537ea762511bb5459b8b6013949739884886701b92f427595)
CAT-064,MTH-064,detector_or_evidence_method,Dynamical and Bayesian models,Ode Segment Tau,Causal ODE-Inspired Segment Evidence — Search Report,"Zhang & Yao, “Structural Change Detection in Dynamic Systems,” (https:), compare fitted segment parameters and residual fit in an ODE regression setting. Their method is retrospective and its assumptions/guarantees do not transfer to this challenge. This experiment tested a causal discrete-time AR(2) adaptation, not the paper's ODE estimator or its theoretical claims.",Implementation detail not captured in the public index; see the release-assigned report IDs for provenance.,Report summary mentions a historical-only reference and/or causal online prefix; see the method-specific report record.,Causal ODE-Inspired Segment Evidence — Search Report,Not captured in the public index summary; consult the family-level matched-control discussion in docs/failed_experiments.md.,not established in public catalog summary,grouped_cv_a_partial,UNKNOWN_FROM_PUBLIC_INDEX,"Status - Stage 0 passed direct sufficient-statistic checks, synthetic AR(2) switch - Stage 1 completed on CV-A folds F4 and F1. The candidate was not promoted…",Source summary records no promotion or a feasibility-only result.,"Requires a method-specific matched control and an independent, grouped, nested evaluation; causal guarantees depend on the implementation and assumptions.",experiment_index.csv (80757c9a30fcaee2f6d45fca942ed196ba39b691436b50013bea221959034ffb)
CAT-065,MTH-065,representation_or_model,Learned representations and neural methods,One Change Hazard,One-Change Hazard and Monotone-GRU Evidence,Not stated in the indexed source summary; the title identifies the tested approach.,Implementation detail not captured in the public index; see the release-assigned report IDs for provenance.,Report summary mentions a historical-only reference and/or causal online prefix; see the method-specific report record.,One-Change Hazard and Monotone-GRU Evidence,Not captured in the public index summary; consult the family-level matched-control discussion in docs/failed_experiments.md.,not established in public catalog summary,not established in indexed summary,INVALID_FUTURE_LENGTH_OR_NONCAUSAL_INPUTS_REVIEW_SOURCE,Status: full grouped CV-A stepwise replay and one frozen reduced diagnostic complete; not promoted.,Source summary records no promotion or a feasibility-only result.,"Requires a method-specific matched control and an independent, grouped, nested evaluation; causal guarantees depend on the implementation and assumptions.",experiment_index.csv (fa8e619d7e2a301716cf801c0592690c90140d804084ca1cfd89324199dd1083)
CAT-066,MTH-066,detector_or_evidence_method,"Kernel, discrepancy, and density comparison",Online Rff Dynamics Drift,Online Nonlinear RFF Dynamics Drift — Search Report,"The earlier history-fitted RFF transition model kept its dynamics coefficients static. This experiment tests whether a causal, prequential RLS update can expose a change in the conditional transition law through predictive-score gain and parameter drift. It is distinct from D3's RFF-MMD statistic: RFFs here map lag states into a nonlinear transition-regression basis.","For each ID, build lag states from the existing causal Rosenblatt-whitened stream, center/scale with historical states, and map to eight fixed RFFs. - Fit a ridge transition map on historical observations. During online scoring, compute frozen-reference and adaptive residuals before updating the current RLS state; then update RLS and emit a history-information-normalized coefficient-drift feature. - Emit four features per forgetting factor: frozen-vs-adaptive squared-error gain, its span-32 EMA, coefficient drift, and adaptive residual log-square.",Report summary mentions a historical-only reference and/or causal online prefix; see the method-specific report record.,Online Nonlinear RFF Dynamics Drift — Search Report,Not captured in the public index summary; consult the family-level matched-control discussion in docs/failed_experiments.md.,not established in public catalog summary,not established in indexed summary,UNKNOWN_FROM_PUBLIC_INDEX,Status: Stage-1 screen plus frozen transfer folds complete; not promoted.,Source summary records no promotion or a feasibility-only result.,"Requires a method-specific matched control and an independent, grouped, nested evaluation; causal guarantees depend on the implementation and assumptions.",experiment_index.csv (891353d561570d807834cd1c28cbe9eeaf397680d0a35f9fc0ab941b8e75a2de)
CAT-067,MTH-067,detector_or_evidence_method,Other causal evidence methods,Online Segment Parameter Contrast,Online Segment Parameter Contrast — Search Report,"A causal contrast between two adjacent observed windows can detect changes in conditional dynamics that marginal-only evidence misses. The inspiration is Zhang & Yao, *Structural Change Detection in Dynamic Systems*, arXiv:2606.27614 (2026): <https:[source detail omitted] The paper's retrospective segment comparisons and assumptions do not transfer as guarantees to this task. This experiment scores only completed prefixes and never looks beyond the current…","For AR lag orders `p=1,2` and windows `w={16,32,64,128}`, fit ridge-stabilized AR regressions on two adjacent windows of length `w`. Emit a history-scaled Wald contrast of the AR coefficients and a BIC-style gain from separate segments versus one pooled segment. Also emit per-step maxima across windows and causal cumulative maxima. Inputs were tested in two representations: history-calibrated whitened innovations and raw values standardized by a historical robust MAD. Each lag produced 24 features. A feature-only LightGBM head (60 rounds; no baseline score as an input) was evaluated by grouped IDs…",Report summary mentions a historical-only reference and/or causal online prefix; see the method-specific report record.,Online Segment Parameter Contrast — Search Report,Not captured in the public index summary; consult the family-level matched-control discussion in docs/failed_experiments.md.,not established in public catalog summary,grouped_cv_a_partial,UNKNOWN_FROM_PUBLIC_INDEX,Status: Stage-1 F4/F2 screens complete; exact tested configurations stopped before Stage 2.,Promotion status is not established by the public index summary.,"Requires a method-specific matched control and an independent, grouped, nested evaluation; causal guarantees depend on the implementation and assumptions.",experiment_index.csv (512784e86645398ed045956a0a2d810f57b5ec0dc0a900ba6a910fd19bfae464)
CAT-068,MTH-068,detector_or_evidence_method,Conformal and sequential inference,Ons Betting,ONS Betting Evidence on Rosenblatt Innovations,"A predictable bet that adapts its stake to the observed innovation stream may turn a weak directional departure into compact cumulative evidence. This is different from the existing predictive-rank martingale, which bets on conditionally centered rank payoffs, and from Bayesian restart likelihood, which mixes fixed likelihood alternatives over candidate start times. Primary sources…","The source `rw_z` is the existing history-fitted AR residual, divided by a pre-update EWMA scale, then mapped through a historical ECDF to a normal score. For each stream, transform the observed score at step `t` to `u_t = tanh(rw_z_t)`, so `u_t ∈ (-1, 1)`. Starting with wealth `W_0=1`, stake `lambda_1=0`, and curvature accumulator `A_0=1`, update in this order: 1. Consume the current bounded score with the already-known stake: `log(W_t) = log(W_(t-1)) + log(1 + lambda_t * u_t)`. 2. Compute the log-wealth gradient…",Report summary mentions a historical-only reference and/or causal online prefix; see the method-specific report record.,ONS Betting Evidence on Rosenblatt Innovations,Not captured in the public index summary; consult the family-level matched-control discussion in docs/failed_experiments.md.,not established in public catalog summary,not established in indexed summary,UNKNOWN_FROM_PUBLIC_INDEX,Status: Stage 1 and frozen Stage 2 complete; one reduced transfer Scope: label-blind causal feature research only; deployment package and…,Promotion status is not established by the public index summary.,"Requires a method-specific matched control and an independent, grouped, nested evaluation; causal guarantees depend on the implementation and assumptions.",experiment_index.csv (74c8c28213db53bbd682b2a795cc0c770be13c09465499c4909aacaf50b49957)
CAT-069,MTH-069,detector_or_evidence_method,"Path, geometry, and ordinal structure",Ordinal Turn Rate,Ordinal Turn-Rate / Sequential Evidence — Search Report,"Betken, Micali & Schmidt-Hieber, “Ordinal Patterns Based Change Point Detection,” arXiv:2502.03099, study turning-rate statistics from ordinal patterns and a self-normalized CUSUM for stationary increments of a linear process. We tested whether a strict-local-extremum event and a Bernoulli likelihood-ratio mixture over possible change starts would add causal evidence after the project's history-fitted AR[source detail omitted] Rosenblatt transform.",Implementation detail not captured in the public index; see the release-assigned report IDs for provenance.,Report summary mentions a historical-only reference and/or causal online prefix; see the method-specific report record.,Ordinal Turn-Rate / Sequential Evidence — Search Report,Not captured in the public index summary; consult the family-level matched-control discussion in docs/failed_experiments.md.,not established in public catalog summary,feasibility_or_planned,UNKNOWN_FROM_PUBLIC_INDEX,Status: Stage 0 plus staged CV-A transfer diagnostics complete; no promotion.,Promotion status is not established by the public index summary.,"Requires a method-specific matched control and an independent, grouped, nested evaluation; causal guarantees depend on the implementation and assumptions.",experiment_index.csv (91d779cd476fc92e8f4ae38def549e937e7006cd26502dad7d0745178765a914)
CAT-070,MTH-070,detector_or_evidence_method,Statistical and sequential baselines,P1 Time Conditioned Null,P1 Time-Conditioned Historical Null,"The old P2 null robust-z pooled evidence across all ages and selected its pseudo-online segment length from the final online horizon. A causal repair can condition the historical null on the current observed age `t[artifact detail omitted]0–8, 8–16, 16–32, 32–64, 64–128, 128–256, 256–512, 512+`.",Implementation detail not captured in the public index; see the release-assigned report IDs for provenance.,Report summary mentions a historical-only reference and/or causal online prefix; see the method-specific report record.,P1 Time-Conditioned Historical Null,Not captured in the public index summary; consult the family-level matched-control discussion in docs/failed_experiments.md.,not established in public catalog summary,not established in indexed summary,UNKNOWN_FROM_PUBLIC_INDEX,No disposition captured in the public index summary.,Promotion status is not established by the public index summary.,"Requires a method-specific matched control and an independent, grouped, nested evaluation; causal guarantees depend on the implementation and assumptions.",experiment_index.csv (66abc5c7a35614d597fafc05e786cd4a1cf4780e5412a3728656ad93ad559736)
CAT-071,MTH-071,baseline,Statistical and sequential baselines,P2 Causal Baseline,P2 Causal Baseline Lock,The historical-null P2 score must be measured under the same causal information constraint as `infer()`. The old batch cache is retained only as an `INVALID_OR_LEAKED_REFERENCE` because its null segment length depends on the final online horizon.,Implementation detail not captured in the public index; see the release-assigned report IDs for provenance.,Report summary mentions a historical-only reference and/or causal online prefix; see the method-specific report record.,P2 Causal Baseline Lock,Not captured in the public index summary; consult the family-level matched-control discussion in docs/failed_experiments.md.,not established in public catalog summary,grouped_cv_a_full_or_replay,UNKNOWN_FROM_PUBLIC_INDEX,No disposition captured in the public index summary.,Promotion status is not established by the public index summary.,"Requires a method-specific matched control and an independent, grouped, nested evaluation; causal guarantees depend on the implementation and assumptions.",experiment_index.csv (ddfa2ea73972aedfd4b0dd58bde13042244b006c28014ba93881b61d12e0ba27)
CAT-072,MTH-072,detector_or_evidence_method,Other causal evidence methods,P2 Hierarchical Null,P2 Hierarchical Age-Conditioned Null,"Per-ID age-conditioned historical null profiles can be noisy. Shrink the per-ID median/MAD toward historical-only DGP-group and global profiles, while using only the current age bin at inference. Group labels are assigned once from historical descriptors using persistent, alternating, heavy-tail, extreme-tail, near-white, and ordinary regimes. The profile cache uses fixed 512-point pseudo-streams and eight historical starts…",Implementation detail not captured in the public index; see the release-assigned report IDs for provenance.,Report summary mentions a historical-only reference and/or causal online prefix; see the method-specific report record.,P2 Hierarchical Age-Conditioned Null,Not captured in the public index summary; consult the family-level matched-control discussion in docs/failed_experiments.md.,not established in public catalog summary,not established in indexed summary,UNKNOWN_FROM_PUBLIC_INDEX,No disposition captured in the public index summary.,Promotion status is not established by the public index summary.,"Requires a method-specific matched control and an independent, grouped, nested evaluation; causal guarantees depend on the implementation and assumptions.",experiment_index.csv (75d136c990e32313d5882ce3b46bbf084f981008db97c7ca45ed542e6bf93d56)
CAT-073,MTH-073,combination_or_scoring_head,"Supervised heads, ensembles, and selection",P3 Causal Head,P3 Causal Head Search Report,Not stated in the indexed source summary; the title identifies the tested approach.,Implementation detail not captured in the public index; see the release-assigned report IDs for provenance.,Not established in the public index summary.,P3 Causal Head Search Report,Not captured in the public index summary; consult the family-level matched-control discussion in docs/failed_experiments.md.,not established in public catalog summary,grouped_cv_a_full_or_replay,UNKNOWN_FROM_PUBLIC_INDEX,No disposition captured in the public index summary.,Promotion status is not established by the public index summary.,"Requires a method-specific matched control and an independent, grouped, nested evaluation; causal guarantees depend on the implementation and assumptions.",experiment_index.csv (6dcafac86ee8844733ddb5c025dd0c606977d71d585b23f21f6cc0e8daf8f52d)
CAT-074,MTH-074,detector_or_evidence_method,"Kernel, discrepancy, and density comparison",P5 Kernel Cusum,P5 Kernel CUSUM Search Report,Not stated in the indexed source summary; the title identifies the tested approach.,Implementation detail not captured in the public index; see the release-assigned report IDs for provenance.,Not established in the public index summary.,P5 Kernel CUSUM Search Report,Not captured in the public index summary; consult the family-level matched-control discussion in docs/failed_experiments.md.,not established in public catalog summary,not established in indexed summary,UNKNOWN_FROM_PUBLIC_INDEX,No disposition captured in the public index summary.,Promotion status is not established by the public index summary.,"Requires a method-specific matched control and an independent, grouped, nested evaluation; causal guarantees depend on the implementation and assumptions.",experiment_index.csv (5ff3a7af5f4367e1e90c0e3d92ec140041b744c285236d5da59bc68718307f81)
CAT-075,MTH-075,detector_or_evidence_method,"Kernel, discrepancy, and density comparison",P6 Causal Density Ratio,P6 Causal Density-Ratio Search Report,Not stated in the indexed source summary; the title identifies the tested approach.,Implementation detail not captured in the public index; see the release-assigned report IDs for provenance.,Not established in the public index summary.,P6 Causal Density-Ratio Search Report,Not captured in the public index summary; consult the family-level matched-control discussion in docs/failed_experiments.md.,not established in public catalog summary,grouped_cv_a_partial,PARTIAL_FOLD_WHERE_APPLICABLE,Stage 1: Fold 4 and Fold 0; no test-reduced labels.,Promotion status is not established by the public index summary.,"Requires a method-specific matched control and an independent, grouped, nested evaluation; causal guarantees depend on the implementation and assumptions.",experiment_index.csv (b8eda3c4479005e7c4b33920379a10cbc0800e709d07b548861311b90736dc45)
CAT-076,MTH-076,detector_or_evidence_method,Conformal and sequential inference,P6 Causal Martingale,P6 Causal Martingale Search Report,Not stated in the indexed source summary; the title identifies the tested approach.,Implementation detail not captured in the public index; see the release-assigned report IDs for provenance.,Report summary mentions a historical-only reference and/or causal online prefix; see the method-specific report record.,P6 Causal Martingale Search Report,Not captured in the public index summary; consult the family-level matched-control discussion in docs/failed_experiments.md.,not established in public catalog summary,grouped_cv_a_partial,PARTIAL_FOLD_WHERE_APPLICABLE,Stage 1: Fold 4 and Fold 0; no test-reduced labels.,Promotion status is not established by the public index summary.,"Requires a method-specific matched control and an independent, grouped, nested evaluation; causal guarantees depend on the implementation and assumptions.",experiment_index.csv (f26217103387ca23e0995cc2046ad067bd8721e3ae93363e979ac62e73a016a2)
CAT-077,MTH-077,detector_or_evidence_method,"Path, geometry, and ordinal structure",P6 Causal Ordinal,P6 Causal Ordinal Search Report,Not stated in the indexed source summary; the title identifies the tested approach.,Implementation detail not captured in the public index; see the release-assigned report IDs for provenance.,Not established in the public index summary.,P6 Causal Ordinal Search Report,Not captured in the public index summary; consult the family-level matched-control discussion in docs/failed_experiments.md.,not established in public catalog summary,grouped_cv_a_partial,PARTIAL_FOLD_WHERE_APPLICABLE,Stage 1: Fold 4 and Fold 0 only; no test-reduced labels.,Promotion status is not established by the public index summary.,"Requires a method-specific matched control and an independent, grouped, nested evaluation; causal guarantees depend on the implementation and assumptions.",experiment_index.csv (1902bffe949e5428659ca07c30c876c77cf677d1b2bae27afab2fbabfd5d565f)
CAT-078,MTH-078,detector_or_evidence_method,"Kernel, discrepancy, and density comparison",P6 Causal Qwd,P6 Causal Quantile-Displacement Search Report,Not stated in the indexed source summary; the title identifies the tested approach.,Implementation detail not captured in the public index; see the release-assigned report IDs for provenance.,Not established in the public index summary.,P6 Causal Quantile-Displacement Search Report,Not captured in the public index summary; consult the family-level matched-control discussion in docs/failed_experiments.md.,not established in public catalog summary,grouped_cv_a_partial,PARTIAL_FOLD_WHERE_APPLICABLE,"Stage 1: Fold 4 and Fold 0 only, standard Trial-20 head; no test-reduced labels.",Promotion status is not established by the public index summary.,"Requires a method-specific matched control and an independent, grouped, nested evaluation; causal guarantees depend on the implementation and assumptions.",experiment_index.csv (6305b07b46a31fb1e28b0cc00e492fd721b3b7c576d38919d773de498c09bdb8)
CAT-079,MTH-079,detector_or_evidence_method,Statistical and sequential baselines,P6 Causal Selfnorm,P6 Causal Self-Normalized Search Report,Not stated in the indexed source summary; the title identifies the tested approach.,Implementation detail not captured in the public index; see the release-assigned report IDs for provenance.,Not established in the public index summary.,P6 Causal Self-Normalized Search Report,Not captured in the public index summary; consult the family-level matched-control discussion in docs/failed_experiments.md.,not established in public catalog summary,grouped_cv_a_partial,PARTIAL_FOLD_WHERE_APPLICABLE,"Stage 1: Fold 4 and Fold 0 only, standard Trial-20 head; no test-reduced labels.",Promotion status is not established by the public index summary.,"Requires a method-specific matched control and an independent, grouped, nested evaluation; causal guarantees depend on the implementation and assumptions.",experiment_index.csv (9a7fe0914bb957f26801ae946e43057c56d80a9b87d99d7d574f669187556cf4)
CAT-080,MTH-080,detector_or_evidence_method,Dynamical and Bayesian models,P6 Causal Tau,P6 Causal Candidate-Tau Search Report,Not stated in the indexed source summary; the title identifies the tested approach.,Implementation detail not captured in the public index; see the release-assigned report IDs for provenance.,Not established in the public index summary.,P6 Causal Candidate-Tau Search Report,Not captured in the public index summary; consult the family-level matched-control discussion in docs/failed_experiments.md.,not established in public catalog summary,not established in indexed summary,UNKNOWN_FROM_PUBLIC_INDEX,No disposition captured in the public index summary.,Promotion status is not established by the public index summary.,"Requires a method-specific matched control and an independent, grouped, nested evaluation; causal guarantees depend on the implementation and assumptions.",experiment_index.csv (2267151c179628871020afdac9da4b9195f2fd3ac991dcfcf060a2bd600db563)
CAT-081,MTH-081,selection_or_training_method,"Supervised heads, ensembles, and selection",Pairwise Ts Auc,Pairwise TS-AUC Objective — Search Report,Not stated in the indexed source summary; the title identifies the tested approach.,Implementation detail not captured in the public index; see the release-assigned report IDs for provenance.,Not established in the public index summary.,Pairwise TS-AUC Objective — Search Report,Not captured in the public index summary; consult the family-level matched-control discussion in docs/failed_experiments.md.,not established in public catalog summary,not established in indexed summary,UNKNOWN_FROM_PUBLIC_INDEX,No disposition captured in the public index summary.,Promotion status is not established by the public index summary.,"Requires a method-specific matched control and an independent, grouped, nested evaluation; causal guarantees depend on the implementation and assumptions.",experiment_index.csv (9f5e4bc1415eb77312819e8e4d3ca9abfaab71ad193ef83002bd4997641bad37)
CAT-082,MTH-082,detector_or_evidence_method,Other causal evidence methods,Param Cp Sbi,Simulation-Based Parameter Changepoint Evidence,"Can an amortized posterior over low-dimensional dynamical parameters turn a causal sliding window into a useful online break signal, and does integrating that evidence over candidate break times recover persistent changes?","The Stage-0/1 simulator is the contractive univariate nonlinear AR model `x[t] = phi*x[t-1] + beta*tanh(1.5*x[t-1]) + sigma*epsilon[t]`. A five-component diagonal Gaussian-mixture NPE estimates `(phi,beta)` from per-window centered and standardized observations. `phi`, `beta`, and the noise scale are sampled from a restricted stable prior. For each challenge ID, history-only sliding windows estimate the reference posterior center and uncertainty; each online posterior uses a trailing window ending at the current observation. No future online observations, final stream length,…",Report summary mentions a historical-only reference and/or causal online prefix; see the method-specific report record.,Simulation-Based Parameter Changepoint Evidence,Not captured in the public index summary; consult the family-level matched-control discussion in docs/failed_experiments.md.,causal_design_or_exact_stream_reported; audit_scope_varies,exact_stream_or_package_replay_scope_unspecified,UNKNOWN_FROM_PUBLIC_INDEX,No disposition captured in the public index summary.,Promotion status is not established by the public index summary.,"Requires a method-specific matched control and an independent, grouped, nested evaluation; causal guarantees depend on the implementation and assumptions.",experiment_index.csv (39a07d40851b4375d6517e84cbdb3d944a1ec7f93d812adb6bce7989c5a58efd)
CAT-083,MTH-083,detector_or_evidence_method,Other causal evidence methods,Pbml Lti Fit Kl Prior,PBML-LTI Fit–KL Prior: Historical Support/Query Stage 0,"PAPER: Huang & Michailidis, (https:), PBML-LTI (2026). The paper fits a Gaussian transition prior by minimizing posterior expected Gaussian fit plus posterior-to-prior KL, with hyper-prior and stability regularizers. Its (https:) documents the paper's default training settings.",Implementation detail not captured in the public index; see the release-assigned report IDs for provenance.,Report summary mentions a historical-only reference and/or causal online prefix; see the method-specific report record.,PBML-LTI Fit–KL Prior: Historical Support/Query Stage 0,Not captured in the public index summary; consult the family-level matched-control discussion in docs/failed_experiments.md.,not established in public catalog summary,feasibility_or_planned,UNKNOWN_FROM_PUBLIC_INDEX,PBML-LTI Fit–KL Prior: Historical Support/Query Stage 0 Decision: Stop this univariate AR(4) fit–KL adaptation before supervised CV-A. Status: Label-blind historical forecast diagnostic; no deployment feature or…,Promotion status is not established by the public index summary.,"Requires a method-specific matched control and an independent, grouped, nested evaluation; causal guarantees depend on the implementation and assumptions.",experiment_index.csv (c1b1157ba50e0ac5a021488fa3b0b7632680e00bf471ba032f4f0c59fb2c090f)
CAT-084,MTH-084,detector_or_evidence_method,"Path, geometry, and ordinal structure",Persistent Laplacian,Persistent-Laplacian Geometry for Causal Break Evidence,"The positive spectrum of a small delay-state graph Laplacian may capture within-scale connectivity changes that are missed by scalar marginal and innovation evidence. This is a new geometric representation, not another rolling-moment family. The narrow Stage-0 question is whether its causal history-referenced features add transferable synthetic signal, particularly for dynamics changes with nearly unchanged marginal behavior.","Fit coordinate centers/scales and three graph-distance thresholds from the historical segment only. - At an online update, embed the latest 24 observed innovations into 22 three-lag points. Build unweighted Vietoris–Rips graphs at historical distance quantiles 0.25, 0.50, and 0.75. - For each graph retain beta-0 (zero-eigenvalue multiplicity) and the four largest positive q=0 Laplacian eigenvalues. - Compare those descriptors with 16 history-only reference windows using…",Report summary mentions a historical-only reference and/or causal online prefix; see the method-specific report record.,Persistent-Laplacian Geometry for Causal Break Evidence,Not captured in the public index summary; consult the family-level matched-control discussion in docs/failed_experiments.md.,causal_design_or_exact_stream_reported; audit_scope_varies,not established in indexed summary,UNKNOWN_FROM_PUBLIC_INDEX,rolling-moment family. The narrow Stage-0 question is whether its causal…,Promotion status is not established by the public index summary.,"Requires a method-specific matched control and an independent, grouped, nested evaluation; causal guarantees depend on the implementation and assumptions.",experiment_index.csv (219eb937cffab50f7308947e1a5c64d6e4f14e12eeee8e2e36d7f11d5706339b)
CAT-085,MTH-085,detector_or_evidence_method,"Path, geometry, and ordinal structure",Persistent Laplacian Q1,Persistent q=1 Laplacian Features — Stage 0 Report,"Nie and Yue, “Online Change-Point Detection with Persistent Laplacian Features,” arXiv:2607.08635v2, combine delay-embedded Vietoris–Rips filtrations, persistent Betti features and positive persistent-Laplacian spectra, then ridge-whiten labeled Phase-I features and apply Page CUSUM. The q=1 persistent combinatorial Laplacian has zero-eigenvalue multiplicity equal to persistent beta-1 rank; its positive spectrum also retains geometric…","Both experiments use exact historical-reference Rosenblatt scores, history-only distance quantiles, the most recent observed values, and causal delay windows; no future sample, final stream length, or break location enters the features. The vectorized whitening matched the existing streaming state exactly on the checked synthetic streams. The full-spectrum experiment uses 3-dimensional delay states, 24-point windows updated every 8 observations, four fixed scale pairs from historical distance quantiles `.30[source detail omitted], four positive eigenvalues per pair, and 12 historical reference windows. The earlier Betti…",Report summary mentions a historical-only reference and/or causal online prefix; see the method-specific report record.,Persistent q=1 Laplacian Features — Stage 0 Report,Not captured in the public index summary; consult the family-level matched-control discussion in docs/failed_experiments.md.,causal_design_or_exact_stream_reported; audit_scope_varies,synthetic_screen,UNKNOWN_FROM_PUBLIC_INDEX,Persistent q=1 Laplacian Features — Stage 0 Report Status: two exact-Rosenblatt synthetic Stage-0 screens complete; no competition…,Promotion status is not established by the public index summary.,"Requires a method-specific matched control and an independent, grouped, nested evaluation; causal guarantees depend on the implementation and assumptions.",experiment_index.csv (e49539022fdb3066bdaeb8c0558e6c24e9de08828f5c11dacd7fe516622d4feb)
CAT-086,MTH-086,detector_or_evidence_method,Other causal evidence methods,Pfa Weighted Restart,PFA-Weighted Restart Evidence — Search Report,"Integrating evidence over candidate change locations with a proper restart prior may preserve weak but persistent post-change evidence better than a single max scan or a uniform mixture. The motivation is Bhattacharyya and Ramdas, *Change detection with conformal martingales: new optimal constructions, and suboptimality of existing methods*, arXiv:2609.27179v1 (2026-09-23): <https:[source detail omitted]…","For each online standardized innovation, form insertion-rank evidence against a reference seeded by the historical BIC-selected AR residuals. For restart time `k`, use normalized summable weights [artifact detail omitted]. The feature is a log-space mixture of restart-specific betting wealth, averaged over betting powers `0.25`, `0.50`, and `0.75`, plus the still-unused prior mass (neutral wealth one). Emit upper, lower, and absolute-tail channels for each `eta` in `{0.05, 0.10, 0.20}`. The state updates one observation at a time; it uses neither final stream…",Report summary mentions a historical-only reference and/or causal online prefix; see the method-specific report record.,PFA-Weighted Restart Evidence — Search Report,Not captured in the public index summary; consult the family-level matched-control discussion in docs/failed_experiments.md.,prefix_or_future_mutation_audit_reported,exact_stream_or_package_replay_scope_unspecified,UNKNOWN_FROM_PUBLIC_INDEX,Status: staged CV-A diagnostic complete; not promoted.,Source summary records no promotion or a feasibility-only result.,"Requires a method-specific matched control and an independent, grouped, nested evaluation; causal guarantees depend on the implementation and assumptions.",experiment_index.csv (2ffabe4d313fdedf6fcd1f5a0af8f77a40159aa0690ec7f8f3f48e086c9fb093)
CAT-087,MTH-087,detector_or_evidence_method,Statistical and sequential baselines,Pm Cusum,Predictive-Mixture CuSum (PM-CuSum) — Search Report,"Halme, Poor, and Koivunen, *Adaptive Sequential Change Detection using Mixtures of Predictive Distributions*, arXiv:2606.05072v3 (2026), propose window-specific predictive densities mixed by fixed-share weights, followed by a predictive-mixture likelihood ratio and CuSum recursion. Their formal setup assumes independent observations, known pre-change density `q`, and an unknown post-change distribution in a specified class. The paper's ARL and…",Implementation detail not captured in the public index; see the release-assigned report IDs for provenance.,Report summary mentions a historical-only reference and/or causal online prefix; see the method-specific report record.,Predictive-Mixture CuSum (PM-CuSum) — Search Report,Not captured in the public index summary; consult the family-level matched-control discussion in docs/failed_experiments.md.,not established in public catalog summary,not established in indexed summary,UNKNOWN_FROM_PUBLIC_INDEX,No disposition captured in the public index summary.,Promotion status is not established by the public index summary.,"Requires a method-specific matched control and an independent, grouped, nested evaluation; causal guarantees depend on the implementation and assumptions.",experiment_index.csv (09939959bc04be2e99ce45663724ec1f4ec7bda9b553f3d88af7580b1ce8c790)
CAT-088,MTH-088,representation_or_model,Learned representations and neural methods,Ppc Predictive Coding,Probabilistic Predictive Coding — Stage 1 Feasibility Screen,Not stated in the indexed source summary; the title identifies the tested approach.,Implementation detail not captured in the public index; see the release-assigned report IDs for provenance.,Not established in the public index summary.,Probabilistic Predictive Coding — Stage 1 Feasibility Screen,Not captured in the public index summary; consult the family-level matched-control discussion in docs/failed_experiments.md.,not established in public catalog summary,feasibility_or_planned,UNKNOWN_FROM_PUBLIC_INDEX,"Probabilistic Predictive Coding — Stage 1 Feasibility Screen Decision: Do not promote this implementation. The CV-A scores are near chance, fixed blends do not improve, and sampled single-stream numerical parity failed.",Source summary records no promotion or a feasibility-only result.,"Requires a method-specific matched control and an independent, grouped, nested evaluation; causal guarantees depend on the implementation and assumptions.",experiment_index.csv (b41ea946ab7f1cdedcd8c7d80293c224a1ad4ce9fa1fbb26911c010687e6bd5d)
CAT-089,MTH-089,detector_or_evidence_method,Dynamical and Bayesian models,Predictive Hmm Beam,Predictive-Path HMM Beam Evidence,Can a causal posterior over a small set of candidate break paths expose conditional-dynamics changes in the history-whitened innovation stream that are complementary to the current P2 evidence? This tests a different inductive bias from rolling-window scans: persistent predictive compatibility between a frozen reference regime and an adaptive post-switch regime.,Implementation detail not captured in the public index; see the release-assigned report IDs for provenance.,Report summary mentions a historical-only reference and/or causal online prefix; see the method-specific report record.,Predictive-Path HMM Beam Evidence,The two-channel head and 10% blend were frozen from Stage 1 before F0[source detail omitted] Fold scores (baseline / augmented head / 10% blend) were: | Fold | Baseline | HMM head | HMM 10% blend | Blend delta | |---:|---:|---:|---:|---:| | 0 | `.6058651` | `.6056498` | `.6069943` | `+.0011291` |,not established in public catalog summary,synthetic_screen,UNKNOWN_FROM_PUBLIC_INDEX,No disposition captured in the public index summary.,Promotion status is not established by the public index summary.,"Requires a method-specific matched control and an independent, grouped, nested evaluation; causal guarantees depend on the implementation and assumptions.",experiment_index.csv (b2e89fde605ab07240fa9bc3948a664a6518f2d2d2943bdcc6a3810547ce21dd)
CAT-090,MTH-090,detector_or_evidence_method,Conformal and sequential inference,Predictive Rank Martingale,Predictive Rank Martingale on Direct Standardized Innovations,"Predictive-rank martingale (PRM) evidence on continuous standardized innovations, before ECDF normal-score quantization, may preserve rank detail that is lost when the online score stream contains ties. A compact order/dispersion evidence head could complement Trial 11's causal whitened kernel-CUSUM score, especially on difficult Fold 4.","Fit BIC-selected AR (maximum order 12) on the historical segment only. - Scale historical residuals by the historical standard deviation. - For each online value, compute the one-step innovation and divide by the pre-update EWMA conditional scale (`beta=0.99`); then update the scale. - Use standardized residuals directly for fixed-reference predictive ranks, before mapping online values through the ECDF normal-score transform. - Run separate order and dispersion PRM states on levels and first differences; seed deterministic tie randomization from history/content.",Report summary mentions a historical-only reference and/or causal online prefix; see the method-specific report record.,Predictive Rank Martingale on Direct Standardized Innovations,Not captured in the public index summary; consult the family-level matched-control discussion in docs/failed_experiments.md.,not established in public catalog summary,not established in indexed summary,UNKNOWN_FROM_PUBLIC_INDEX,Status: Tested; this head/configuration is not promoted.,Source summary records no promotion or a feasibility-only result.,"Requires a method-specific matched control and an independent, grouped, nested evaluation; causal guarantees depend on the implementation and assumptions.",experiment_index.csv (d973b54a047fd457b5f155e43637b1559a317463cb6e9424c7b0a53e9e0a2770)
CAT-091,MTH-091,detector_or_evidence_method,Conformal and sequential inference,Predictive Rank Restart,Predictive-Rank Conditional-LR Restart Screen,"[internal detail omitted] Note 069 suggested integrating change time for evidence on a Rosenblatt-whitened stream. I compared that direction with existing CRM and predictive-rank betting. CRM updates an adaptive rank bank with online scores; the earlier PRM used online betting on ranks. This experiment instead kept the historical reference fixed, used its Pólya-urn predictive rank law [artifact detail omitted], tilted that law for order/dispersion alternatives,…","[internal detail omitted] Note 069 suggested integrating change time for evidence on a Rosenblatt-whitened stream. I compared that direction with existing CRM and predictive-rank betting. CRM updates an adaptive rank bank with online scores; the earlier PRM used online betting on ranks. This experiment instead kept the historical reference fixed, used its Pólya-urn predictive rank law [artifact detail omitted], tilted that law for order/dispersion alternatives, and mixed cumulative evidence over candidate restart times with prior mass [artifact detail omitted]. Seven causal features were emitted. This is related to, but not…",Report summary mentions a historical-only reference and/or causal online prefix; see the method-specific report record.,Predictive-Rank Conditional-LR Restart Screen,Not captured in the public index summary; consult the family-level matched-control discussion in docs/failed_experiments.md.,not established in public catalog summary,feasibility_or_planned,UNKNOWN_FROM_PUBLIC_INDEX,Status: completed exploratory CV-A screen; not promoted…,Source summary records no promotion or a feasibility-only result.,"Requires a method-specific matched control and an independent, grouped, nested evaluation; causal guarantees depend on the implementation and assumptions.",experiment_index.csv (7dd898f526045a0a23d1c7e386be0df7c3ddff8b351e1f1793e64a1ac4470b5f)
CAT-092,MTH-092,detector_or_evidence_method,"Kernel, discrepancy, and density comparison",Probability Flow Mmd Sr,History-Calibrated Gaussian MMD / Shiryaev–Roberts Screen,"Kraevskiy & Prokhorov, “Change Detection in Probability Flow ODE: Online Testing in Diffusion Latent Spaces,” arXiv:2608.22807 (2026-08-24), map pre-change observations to a Gaussian latent reference, evaluate RBF MMD, then accumulate a likelihood-ratio mixture with a Shiryaev–Roberts recursion. The paper depends on a trained conditional probability-flow encoder and an approximately IID standard-normal latent; its multiple-change restart…",Implementation detail not captured in the public index; see the release-assigned report IDs for provenance.,Report summary mentions a historical-only reference and/or causal online prefix; see the method-specific report record.,History-Calibrated Gaussian MMD / Shiryaev–Roberts Screen,Not captured in the public index summary; consult the family-level matched-control discussion in docs/failed_experiments.md.,not established in public catalog summary,not established in indexed summary,UNKNOWN_FROM_PUBLIC_INDEX,Status: Stage-1 and targeted Stage-2 CV-A screens complete; not promoted.,Source summary records no promotion or a feasibility-only result.,"Requires a method-specific matched control and an independent, grouped, nested evaluation; causal guarantees depend on the implementation and assumptions.",experiment_index.csv (286fd07f08f177c961856a00c8b0d380176bc5c60da2b61bf578426cda3f1723)
CAT-093,MTH-093,detector_or_evidence_method,Other causal evidence methods,Rcmm Threshold Bets,Restarted Threshold-Bet CDF Mixture,"Existing conformal-restart work already covers candidate-start weighted sums and maxima, power-density betting, and directional/absolute rank channels. Those restart aggregators and priors are not new here. The orthogonal part is the betting function: an omnibus threshold-CDF family can target departures of the calibrated p-value distribution at different quantiles. Bhattacharyya & Ramdas, *Change detection with conformal martingales: new…",Implementation detail not captured in the public index; see the release-assigned report IDs for provenance.,Not established in the public index summary.,Restarted Threshold-Bet CDF Mixture,Not captured in the public index summary; consult the family-level matched-control discussion in docs/failed_experiments.md.,not established in public catalog summary,synthetic_screen,PARTIAL_FOLD_WHERE_APPLICABLE,Status: synthetic Stage 0 passed; the preregistered F4/F1 Stage-1 screen…,Promotion status is not established by the public index summary.,"Requires a method-specific matched control and an independent, grouped, nested evaluation; causal guarantees depend on the implementation and assumptions.",experiment_index.csv (4c9275ec6c7b93fb9f815724a49ab41d27c22382cfdbb46eab4cd6235ea5e8d4)
CAT-094,MTH-094,selection_or_training_method,"Supervised heads, ensembles, and selection",Robust Dgp Groups,Search Report: Robust DGP-Group Training,Fold 4 may represent a difficult historical DGP group. History-only descriptors and group-balanced loss may reduce worst-group failure without hard-routing IDs or relying on online labels.,Implementation detail not captured in the public index; see the release-assigned report IDs for provenance.,Report summary mentions a historical-only reference and/or causal online prefix; see the method-specific report record.,Search Report: Robust DGP-Group Training,Not captured in the public index summary; consult the family-level matched-control discussion in docs/failed_experiments.md.,causal_design_or_exact_stream_reported; audit_scope_varies,not established in indexed summary,UNKNOWN_FROM_PUBLIC_INDEX,No disposition captured in the public index summary.,Promotion status is not established by the public index summary.,"Requires a method-specific matched control and an independent, grouped, nested evaluation; causal guarantees depend on the implementation and assumptions.",experiment_index.csv (b9a6cc852b500b6abd43e20194731f577f45313f7785450f25cff73d28ab97da)
CAT-095,MTH-095,detector_or_evidence_method,Other causal evidence methods,Robust Npe Summary Rnpe,Robust Summary NPE / RNPE-Inspired Change Evidence,Synthetic-to-challenge mismatch may make an amortized posterior drift over compact causal summaries more useful when (a) the simulator prior is locally preconditioned around observed histories and (b) posterior inference marginalizes summary misspecification instead of treating every summary as exact. This could add a low-correlation source of evidence to Trial52.,Implementation detail not captured in the public index; see the release-assigned report IDs for provenance.,Report summary mentions a historical-only reference and/or causal online prefix; see the method-specific report record.,Robust Summary NPE / RNPE-Inspired Change Evidence,Not captured in the public index summary; consult the family-level matched-control discussion in docs/failed_experiments.md.,not established in public catalog summary,feasibility_or_planned,UNKNOWN_FROM_PUBLIC_INDEX,Status: Original Stage 0–2 and the combined forest-preconditioned PRNPE-inspired Stage 0/1 are complete; no variant is promoted.,Promotion status is not established by the public index summary.,"Requires a method-specific matched control and an independent, grouped, nested evaluation; causal guarantees depend on the implementation and assumptions.",experiment_index.csv (3730524b9f91cd0c3e7baa3599becc64be1200a2a7c16268250ffac7f73778c7)
CAT-096,MTH-096,detector_or_evidence_method,Conditional normalization and score transforms,Rosenblatt Conditional Ecdf,Historical Conditional-EWMA PIT — Search Report,"The current stream standardizes online AR innovations with a causal EWMA conditional scale, while its historical ECDF reference uses AR residuals divided by one global scale. The proposed coherent alternative applies that same pre-observation EWMA recursion to historical residuals, then continues its terminal variance into online monitoring. This is a plausible calibration consistency issue, not evidence by itself that the deployed PIT is invalid.",Implementation detail not captured in the public index; see the release-assigned report IDs for provenance.,Report summary mentions a historical-only reference and/or causal online prefix; see the method-specific report record.,Historical Conditional-EWMA PIT — Search Report,"To distinguish reference standardization from carrying the scale state, a predeclared 2×2 ablation used four fresh seeds and the same mechanisms: | Arm | GARCH Δ KS | Log-SV Δ KS | GARCH Δ abs ACF1(z²) | Log-SV Δ abs ACF1(z²) | CV-A eligible | |---|---:|---:|---:|---:|---| | Conditional reference, reset state | −0.004236 | −0.000174 | −0.000517 | +0.000034 | No |",not established in public catalog summary,not established in indexed summary,UNKNOWN_FROM_PUBLIC_INDEX,No disposition captured in the public index summary.,Promotion status is not established by the public index summary.,"Requires a method-specific matched control and an independent, grouped, nested evaluation; causal guarantees depend on the implementation and assumptions.",experiment_index.csv (8e7aca15684b048e9e384fd5e5786c52ea5a0e3cbf7a5f3aea46c9e479abb794)
CAT-097,MTH-097,detector_or_evidence_method,"Kernel, discrepancy, and density comparison",Rosenblatt Density Ratio,Search Report: Direct Density-Ratio Evidence on Whitened States,"A classifier or density-ratio witness that distinguishes historical whitened states from a recent online window may expose changes that are not represented by the existing supervised components. The first implementation tests a cheap, causal linear witness before attempting per-window logistic or neural witnesses.",Implementation detail not captured in the public index; see the release-assigned report IDs for provenance.,Report summary mentions a historical-only reference and/or causal online prefix; see the method-specific report record.,Search Report: Direct Density-Ratio Evidence on Whitened States,Not captured in the public index summary; consult the family-level matched-control discussion in docs/failed_experiments.md.,causal_design_or_exact_stream_reported; audit_scope_varies,not established in indexed summary,UNKNOWN_FROM_PUBLIC_INDEX,No disposition captured in the public index summary.,Promotion status is not established by the public index summary.,"Requires a method-specific matched control and an independent, grouped, nested evaluation; causal guarantees depend on the implementation and assumptions.",experiment_index.csv (5ae26de738d0cff157a7cbf28a4f428d763522b322c45f7496fd950c89e9cc36)
CAT-098,MTH-098,detector_or_evidence_method,Conditional normalization and score transforms,Rosenblatt Garch Ecdf,History-Fitted GARCH PIT Whitening — Stage 0,"The current real-time Rosenblatt pipeline uses a fixed-beta EWMA conditional scale. This experiment tested a distinct history-fitted Gaussian-QMLE GARCH(1,1) scale model: fit only on historical AR innovations; standardize the historical reference by strictly pre-observation scales; continue the fitted variance state online; then form the empirical-CDF normal scores against the standardized historical reference.","The current real-time Rosenblatt pipeline uses a fixed-beta EWMA conditional scale. This experiment tested a distinct history-fitted Gaussian-QMLE GARCH(1,1) scale model: fit only on historical AR innovations; standardize the historical reference by strictly pre-observation scales; continue the fitted variance state online; then form the empirical-CDF normal scores against the standardized historical reference. This is based on Bollerslev's GARCH conditional-variance model and the probability-integral-transform framework for density forecast diagnostics…",Report summary mentions a historical-only reference and/or causal online prefix; see the method-specific report record.,History-Fitted GARCH PIT Whitening — Stage 0,Not captured in the public index summary; consult the family-level matched-control discussion in docs/failed_experiments.md.,not established in public catalog summary,feasibility_or_planned,UNKNOWN_FROM_PUBLIC_INDEX,History-Fitted GARCH PIT Whitening — Stage 0…,Promotion status is not established by the public index summary.,"Requires a method-specific matched control and an independent, grouped, nested evaluation; causal guarantees depend on the implementation and assumptions.",experiment_index.csv (43dc3485c859cd0a73bae36e8a410cab7bd4386847e1f541f4263b959437f48e)
CAT-099,MTH-099,detector_or_evidence_method,Conditional normalization and score transforms,Rosenblatt Hard Negative,Search Report: Historical-Null Hard-Negative Weighting,The historical segment contains no break. Rows whose historical-null evidence looks unusually break-like may therefore act as hard negatives. This screen tested whether moderately upweighting those negative training rows improves the P2 historical-null robust-z head.,Implementation detail not captured in the public index; see the release-assigned report IDs for provenance.,Report summary mentions a historical-only reference and/or causal online prefix; see the method-specific report record.,Search Report: Historical-Null Hard-Negative Weighting,Not captured in the public index summary; consult the family-level matched-control discussion in docs/failed_experiments.md.,not established in public catalog summary,grouped_cv_a_partial,PARTIAL_FOLD_WHERE_APPLICABLE,No disposition captured in the public index summary.,Promotion status is not established by the public index summary.,"Requires a method-specific matched control and an independent, grouped, nested evaluation; causal guarantees depend on the implementation and assumptions.",experiment_index.csv (09afcfe31266dc93714d54faf02c4fc5fc06d2a2a20835d75fe0adf9a5d7e643)
CAT-100,MTH-100,detector_or_evidence_method,Conditional normalization and score transforms,Rosenblatt History Cmm,Exact Rosenblatt-Stream Historical CMM — Search Report,Test whether a causal candidate-start conformal-martingale mixture over the history-fitted Rosenblatt stream adds break evidence beyond static AR-residual ranks. The report evaluates fixed start-prior and betting-density banks and a compact scoring head; its assumptions do not justify an e-process or false-alarm guarantee for the fitted dependent stream.,"A history-fitted AR residual, EWMA conditional scale, and historical ECDF produce normal-score innovations. A fixed-bank CMM updates on the online prefix; unit and near-harmonic start priors and bidirectional Beta betting banks were screened. Compact channels were also combined with a baseline score and stream age in a fixed LightGBM head.",Report summary mentions a historical-only reference and/or causal online prefix; see the method-specific report record.,Exact Rosenblatt-Stream Historical CMM — Search Report,Not captured in the public index summary; consult the family-level matched-control discussion in docs/failed_experiments.md.,not established in public catalog summary,grouped_cv_a_full_or_replay,UNKNOWN_FROM_PUBLIC_INDEX,"Decision: Close this fixed Beta-bank / start-prior / binary-head recipe after the frozen Fold 4/Fold 1 screen. Do not promote it. This does not reject every conformal martingale, betting construction, or state-aware e-process.",Source summary records no promotion or a feasibility-only result.,"Requires a method-specific matched control and an independent, grouped, nested evaluation; causal guarantees depend on the implementation and assumptions.",experiment_index.csv (2bc1615762792360bae9f26873d58142e90fdcfa2e8172d26a1afd7745173f72)
CAT-101,MTH-101,detector_or_evidence_method,Conformal and sequential inference,Rosenblatt Martingale,Whitened Predictive-Rank Martingale / E-Process,"After historical AR-BIC residual whitening, predictive rank payoffs and sequential betting evidence may expose changes in location, scale, tail, or dependence. Prefix log-wealth, normalized wealth, CUSUM, rolling evidence, and recent-vs-previous contrasts were tested as causal features for the supervised break model. This report applies only to this implementation and search space. It does not…",Implementation detail not captured in the public index; see the release-assigned report IDs for provenance.,Report summary mentions a historical-only reference and/or causal online prefix; see the method-specific report record.,Whitened Predictive-Rank Martingale / E-Process,Not captured in the public index summary; consult the family-level matched-control discussion in docs/failed_experiments.md.,causal_design_or_exact_stream_reported; audit_scope_varies,not established in indexed summary,UNKNOWN_FROM_PUBLIC_INDEX,No disposition captured in the public index summary.,Promotion status is not established by the public index summary.,"Requires a method-specific matched control and an independent, grouped, nested evaluation; causal guarantees depend on the implementation and assumptions.",experiment_index.csv (01e79b7291d5009fc322f0fe07ade3cd3ef2df066d220283a41d7532b863ca5c)
CAT-102,MTH-102,detector_or_evidence_method,"Path, geometry, and ordinal structure",Rosenblatt Ordinal,Search Report: Whitened Ordinal-Pattern Evidence,Ordinal/permutation patterns on the Rosenblatt-normalized innovation stream may detect changes in local dependence and oscillation that are robust to scale and monotone transforms. The expert was evaluated as a supervised add-on and as a complement to the current Optuna trial-20 model.,Implementation detail not captured in the public index; see the release-assigned report IDs for provenance.,Report summary mentions a historical-only reference and/or causal online prefix; see the method-specific report record.,Search Report: Whitened Ordinal-Pattern Evidence,Not captured in the public index summary; consult the family-level matched-control discussion in docs/failed_experiments.md.,not established in public catalog summary,not established in indexed summary,UNKNOWN_FROM_PUBLIC_INDEX,No disposition captured in the public index summary.,Promotion status is not established by the public index summary.,"Requires a method-specific matched control and an independent, grouped, nested evaluation; causal guarantees depend on the implementation and assumptions.",experiment_index.csv (946e82947d9aba0bcb34e788e50e1d577251681c25c7b5b51fb5d4b2c6f67360)
CAT-103,MTH-103,detector_or_evidence_method,"Kernel, discrepancy, and density comparison",Rosenblatt Rff,Search Report: Whitened-State RFF / Multi-Kernel MMD,"RFF discrepancies on a fully whitened innovation stream may capture nonlinear distribution changes that moment and tau evidence miss. The search explicitly compared scalar `rw_z` with a state representation containing `z`, `Δz`, `|z|`, `z²`, lag-1 and lag-4 products, and sign.",Implementation detail not captured in the public index; see the release-assigned report IDs for provenance.,Report summary mentions a historical-only reference and/or causal online prefix; see the method-specific report record.,Search Report: Whitened-State RFF / Multi-Kernel MMD,"A deterministic rerun added one length-matched IID Gaussian pseudo-stream per ID, using the same 70/30 lengths, AR-BIC fit, EWMA scale, ECDF normal- score transform, and Ljung–Box calculation. It exited successfully and wrote [artifact detail omitted]30.34%[artifact detail omitted]28.50%`",not established in public catalog summary,not established in indexed summary,UNKNOWN_FROM_PUBLIC_INDEX,No disposition captured in the public index summary.,Promotion status is not established by the public index summary.,"Requires a method-specific matched control and an independent, grouped, nested evaluation; causal guarantees depend on the implementation and assumptions.",experiment_index.csv (4bfafbe0026a6d0226194d5ff3b3bf3d1942188cce9ec58e3c8223cd9eafebd9)
CAT-104,MTH-104,detector_or_evidence_method,Conditional normalization and score transforms,Rosenblatt Selfnorm,Search Report: Self-Normalized Whitened Change Statistics,Self-normalized sequential statistics on Rosenblatt-whitened innovations may reduce sensitivity to unstable long-run variance estimates and improve the difficult Fold 4 without adding a large feature block.,Implementation detail not captured in the public index; see the release-assigned report IDs for provenance.,Report summary mentions a historical-only reference and/or causal online prefix; see the method-specific report record.,Search Report: Self-Normalized Whitened Change Statistics,Not captured in the public index summary; consult the family-level matched-control discussion in docs/failed_experiments.md.,not established in public catalog summary,not established in indexed summary,UNKNOWN_FROM_PUBLIC_INDEX,No disposition captured in the public index summary.,Promotion status is not established by the public index summary.,"Requires a method-specific matched control and an independent, grouped, nested evaluation; causal guarantees depend on the implementation and assumptions.",experiment_index.csv (660ee1902efda805ee4f47d42fbb24b2426466f3e53b714846e2f34a183c5a67)
CAT-105,MTH-105,detector_or_evidence_method,Conditional normalization and score transforms,Rosenblatt Tail Channel,Rosenblatt Tail-Channel Replication — Synthetic Stage 0,"[internal detail omitted] Note 080 highlighted an earlier synthetic result in which the existing Rosenblatt `rw_tail_max` channel exceeded `rw_joint_max` on a Gaussian-to-t(5) change. This replication uses four fresh, pre-frozen seeds to test whether that specific channel contrast persists. It reuses the existing causal Rosenblatt implementation and fixed generator; it adds no feature and trains no model.",Implementation detail not captured in the public index; see the release-assigned report IDs for provenance.,Report summary mentions a historical-only reference and/or causal online prefix; see the method-specific report record.,Rosenblatt Tail-Channel Replication — Synthetic Stage 0,Not captured in the public index summary; consult the family-level matched-control discussion in docs/failed_experiments.md.,not established in public catalog summary,feasibility_or_planned,UNKNOWN_FROM_PUBLIC_INDEX,Rosenblatt Tail-Channel Replication — Synthetic Stage 0 Decision: fresh-seed mechanism replication passed; no challenge promotion…,Promotion status is not established by the public index summary.,"Requires a method-specific matched control and an independent, grouped, nested evaluation; causal guarantees depend on the implementation and assumptions.",experiment_index.csv (823a7441d6dd01d3dea3c334d0bacfbeb4c375621d591fa97ce48893493e7e95)
CAT-106,MTH-106,detector_or_evidence_method,Conditional normalization and score transforms,Rosenblatt Tail Excess,Hill-Style Tail-Excess Severity — Synthetic Stage 0,"Clean V3 already includes and uses binary-threshold tail evidence (`rw_tail_*`) as well as joint evidence. This test did not address a missing generic tail channel. It asked the narrower question of whether the *magnitudes* of Rosenblatt-score threshold exceedances add a useful causal signal beyond the already-present tail log-mixture. The candidate used a fixed threshold of `2.5`, estimated an exponential…",Implementation detail not captured in the public index; see the release-assigned report IDs for provenance.,Report summary mentions a historical-only reference and/or causal online prefix; see the method-specific report record.,Hill-Style Tail-Excess Severity — Synthetic Stage 0,Not captured in the public index summary; consult the family-level matched-control discussion in docs/failed_experiments.md.,not established in public catalog summary,synthetic_screen,UNKNOWN_FROM_PUBLIC_INDEX,Hill-Style Tail-Excess Severity — Synthetic Stage 0 Decision: close this fixed Gamma-integrated log-excess recipe; do not advance Question and scope…,Promotion status is not established by the public index summary.,"Requires a method-specific matched control and an independent, grouped, nested evaluation; causal guarantees depend on the implementation and assumptions.",experiment_index.csv (b34be8450c548d6a9722155e929239df844799bc840334dc990db6f7f6ca6913)
CAT-107,MTH-107,detector_or_evidence_method,Dynamical and Bayesian models,Rosenblatt Tau,Search Report: Rosenblatt–Tau Whitening,Does full reference-DGP whitening plus compact tau-integrated evidence add complementary signal to the current V19 components?,Implementation detail not captured in the public index; see the release-assigned report IDs for provenance.,Report summary mentions a historical-only reference and/or causal online prefix; see the method-specific report record.,Search Report: Rosenblatt–Tau Whitening,Not captured in the public index summary; consult the family-level matched-control discussion in docs/failed_experiments.md.,not established in public catalog summary,not established in indexed summary,UNKNOWN_FROM_PUBLIC_INDEX,No disposition captured in the public index summary.,Promotion status is not established by the public index summary.,"Requires a method-specific matched control and an independent, grouped, nested evaluation; causal guarantees depend on the implementation and assumptions.",experiment_index.csv (0f4f907087b5235be3b47b967cf7a2f6230887523300732ab568ae6fad526200)
CAT-108,MTH-108,detector_or_evidence_method,"Path, geometry, and ordinal structure",Rough Path Signatures,Time-Augmented Rough-Path Signatures — Search Report,"Wang & Chakraborty study quickest detection using truncated signatures of time-augmented paths and derive a signature half-space stopping structure. Their theory assumes independent pre-/post-change rough paths, regularity moment bounds, and a lower bound on path separation. Their quickest-stopping objective and Brownian/fractional-Brownian simulations do not establish supervised time-series AUC gains for this benchmark. The focused hypothesis here was that…",Implementation detail not captured in the public index; see the release-assigned report IDs for provenance.,Not established in the public index summary.,Time-Augmented Rough-Path Signatures — Search Report,Not captured in the public index summary; consult the family-level matched-control discussion in docs/failed_experiments.md.,not established in public catalog summary,not established in indexed summary,UNKNOWN_FROM_PUBLIC_INDEX,Status: Stage-1 complete; tested representation not promoted.,Source summary records no promotion or a feasibility-only result.,"Requires a method-specific matched control and an independent, grouped, nested evaluation; causal guarantees depend on the implementation and assumptions.",experiment_index.csv (b4b65356b57fbcd4e4d7be5d4e1314126644de1f10d9b76c9b5e752ed5711582)
CAT-109,MTH-109,detector_or_evidence_method,Dynamical and Bayesian models,Score Driven Dynamics,Score-Driven Conditional Dynamics on Rosenblatt Innovations,Not stated in the indexed source summary; the title identifies the tested approach.,"Paper: Tsaknaki, Lillo, and Mazzarisi, “Bayesian Autoregressive Online Change-Point Detection with Time-Varying Parameters,” current arXiv v2 posted 2025-09-29, originally 2024. (https:). The paper defines an autoregressive Bayesian online change-point framework within regimes, then introduces score-driven time-varying autocorrelation (MBOC) and GARCH-like time-varying variance (MBOV) updates. Original assumptions: Gaussian observations with a piecewise-constant regime mean; covariance-stationary dependence within each regime for MBO(q). MBOC and…",Report summary mentions a historical-only reference and/or causal online prefix; see the method-specific report record.,Score-Driven Conditional Dynamics on Rosenblatt Innovations,Not captured in the public index summary; consult the family-level matched-control discussion in docs/failed_experiments.md.,prefix_or_future_mutation_audit_reported,not established in indexed summary,UNKNOWN_FROM_PUBLIC_INDEX,Status: Stage 1–3 and one frozen reduced diagnostic complete; not promoted because reduced transfer was negative.,Source summary records no promotion or a feasibility-only result.,"Requires a method-specific matched control and an independent, grouped, nested evaluation; causal guarantees depend on the implementation and assumptions.",experiment_index.csv (4af895c0d885a71e1bf306fd14bd23d52d26456418e72da151f1431b519d43a7)
CAT-110,MTH-110,detector_or_evidence_method,Conditional normalization and score transforms,Sd Nml,SDNML on the Exact Rosenblatt Stream,Not stated in the indexed source summary; the title identifies the tested approach.,"Urabe et al. introduce sequentially discounting normalized maximum-likelihood coding for online change detection with an autoregressive model ((https:)). The AR equations and two-layer smoothing description were cross-checked against the authors' follow-on paper ((https:)). This is a parametric AR code-length detector, not a model-free scan or Bayesian mixture over candidate break times. The tested stream is the exact locked `RosenblattStreamingState` output.",Report summary mentions a historical-only reference and/or causal online prefix; see the method-specific report record.,SDNML on the Exact Rosenblatt Stream,Not captured in the public index summary; consult the family-level matched-control discussion in docs/failed_experiments.md.,not established in public catalog summary,feasibility_or_planned,UNKNOWN_FROM_PUBLIC_INDEX,Decision - Status: Stage 0 completed; the frozen two-layer SDNML score failed its - Scope: This tests one specific discounted Gaussian AR / two-layer score…,Promotion status is not established by the public index summary.,"Requires a method-specific matched control and an independent, grouped, nested evaluation; causal guarantees depend on the implementation and assumptions.",experiment_index.csv (34b8ed97f50de90a519a470cf81fee5cd681a18aae1ab5357a14c1c478403204)
CAT-111,MTH-111,detector_or_evidence_method,"Path, geometry, and ordinal structure",Signature Metric Evidence,History-Reference Signature-Metric Novelty — Stage 1,"The prior time-augmented signature experiment fed 22 path coordinates to a supervised head and found little standalone signal. This experiment asks a different question: can a recent online path be recognized as geometrically unusual relative to the same ID's historical paths by using a truncated signature semi-metric and local neighborhood support? This is a path-space novelty detector, not another direct signature-coordinate head.",Implementation detail not captured in the public index; see the release-assigned report IDs for provenance.,Report summary mentions a historical-only reference and/or causal online prefix; see the method-specific report record.,History-Reference Signature-Metric Novelty — Stage 1,Not captured in the public index summary; consult the family-level matched-control discussion in docs/failed_experiments.md.,not established in public catalog summary,grouped_cv_a_partial,PARTIAL_FOLD_WHERE_APPLICABLE,History-Reference Signature-Metric Novelty — Stage 1 Status: Two-fold feasibility screen complete; tested candidate not promoted.,Source summary records no promotion or a feasibility-only result.,"Requires a method-specific matched control and an independent, grouped, nested evaluation; causal guarantees depend on the implementation and assumptions.",experiment_index.csv (fe992386e9290d41a7c404431c05be82023bffe02b71c6571f52540a09fbdaeb)
CAT-112,MTH-112,detector_or_evidence_method,Dynamical and Bayesian models,Soft Bct,History-Frozen Soft-AR Gate Screen,Not stated in the indexed source summary; the title identifies the tested approach.,Implementation detail not captured in the public index; see the release-assigned report IDs for provenance.,Not established in the public index summary.,History-Frozen Soft-AR Gate Screen,Not captured in the public index summary; consult the family-level matched-control discussion in docs/failed_experiments.md.,not established in public catalog summary,not established in indexed summary,UNKNOWN_FROM_PUBLIC_INDEX,Source and Scope…,Promotion status is not established by the public index summary.,"Requires a method-specific matched control and an independent, grouped, nested evaluation; causal guarantees depend on the implementation and assumptions.",experiment_index.csv (bd7d26b2ba8a2d8d9a7667abf8cffd56f225d4561caead5eb7898ff797d40d32)
CAT-113,MTH-113,detector_or_evidence_method,Dynamical and Bayesian models,Soft Bct Variational,History-Fit Variational Soft-AR Tree — Stage 0/1,"A learned soft routing tree over recent Rosenblatt innovations can fit state-dependent AR dynamics that a single global AR, quantized hard-context tree, or hand-fixed two-expert gate misses. A prequential posterior-predictive gain against the history-frozen version may therefore add useful early-break ranking evidence, with different errors from the current package.",Implementation detail not captured in the public index; see the release-assigned report IDs for provenance.,Report summary mentions a historical-only reference and/or causal online prefix; see the method-specific report record.,History-Fit Variational Soft-AR Tree — Stage 0/1,Not captured in the public index summary; consult the family-level matched-control discussion in docs/failed_experiments.md.,prefix_or_future_mutation_audit_reported,grouped_cv_a_partial,PARTIAL_FOLD_WHERE_APPLICABLE,History-Fit Variational Soft-AR Tree — Stage 0/1…,Promotion status is not established by the public index summary.,"Requires a method-specific matched control and an independent, grouped, nested evaluation; causal guarantees depend on the implementation and assumptions.",experiment_index.csv (c8c59810f21ac1fd1704b1595b8b8ad819c79b830262d0a95c9911f69e3d27d3)
CAT-114,MTH-114,detector_or_evidence_method,Dynamical and Bayesian models,Sparse Transition Sindy,Sparse Polynomial Transition Evidence — Search Report,"PAPER: Quade, Abel, Kutz & Brunton, “Sparse Identification of Nonlinear Dynamics for Rapid Model Recovery,” (https:). SINDy represents a governing dynamic law in a candidate nonlinear library and uses sequentially thresholded ridge regression to retain a small number of terms. Abrupt-SINDy motivates monitoring coefficient changes and term additions/deletions.",Implementation detail not captured in the public index; see the release-assigned report IDs for provenance.,Report summary mentions a historical-only reference and/or causal online prefix; see the method-specific report record.,Sparse Polynomial Transition Evidence — Search Report,Not captured in the public index summary; consult the family-level matched-control discussion in docs/failed_experiments.md.,causal_design_or_exact_stream_reported; audit_scope_varies,exact_stream_or_package_replay_scope_unspecified,UNKNOWN_FROM_PUBLIC_INDEX,Decision…,Promotion status is not established by the public index summary.,"Requires a method-specific matched control and an independent, grouped, nested evaluation; causal guarantees depend on the implementation and assumptions.",experiment_index.csv (51a4151713459359893cd72adc0682a8a08bfb6dd0b04a753cf34c8d59fdb7bb)
CAT-115,MTH-115,detector_or_evidence_method,Dynamical and Bayesian models,Sparse Transition Tau,Sparse Transition Bayes Factors Integrated over Candidate Change Time,"PAPER: Datta, Zou & Banerjee, “Bayesian High-Dimensional Regression for Change Point Analysis,” *Statistics and its Interface* 12(2), 253–264 (2019), (https:), (https:). Their model assigns segment-specific spike-and-slab priors to regression coefficients, a prior to the unknown change point, and an inverse-gamma prior…",Implementation detail not captured in the public index; see the release-assigned report IDs for provenance.,Report summary mentions a historical-only reference and/or causal online prefix; see the method-specific report record.,Sparse Transition Bayes Factors Integrated over Candidate Change Time,Not captured in the public index summary; consult the family-level matched-control discussion in docs/failed_experiments.md.,prefix_or_future_mutation_audit_reported,grouped_cv_a_partial,PARTIAL_FOLD_WHERE_APPLICABLE,Decision…,Promotion status is not established by the public index summary.,"Requires a method-specific matched control and an independent, grouped, nested evaluation; causal guarantees depend on the implementation and assumptions.",experiment_index.csv (7d2d5f8902faa13c63aec2e95492081a80ee6d54e30f73c6b0b5af02b1b9b152)
CAT-116,MTH-116,detector_or_evidence_method,Spectral and multiscale evidence,Spectral Delay Lss,Spectral Delay-State LSS — Search Report,"Does the relative covariance eigen-spectrum of short causal delay-vectors expose dynamics changes left in the exact historical Rosenblatt stream, and does it improve a matched supervised ranking head beyond joint evidence plus stream age? Bao et al., A spectral approach for online covariance change point detection (arXiv:2601.22602, 2026), primary source…",Implementation detail not captured in the public index; see the release-assigned report IDs for provenance.,Report summary mentions a historical-only reference and/or causal online prefix; see the method-specific report record.,Spectral Delay-State LSS — Search Report,Not captured in the public index summary; consult the family-level matched-control discussion in docs/failed_experiments.md.,not established in public catalog summary,not established in indexed summary,UNKNOWN_FROM_PUBLIC_INDEX,No disposition captured in the public index summary.,Promotion status is not established by the public index summary.,"Requires a method-specific matched control and an independent, grouped, nested evaluation; causal guarantees depend on the implementation and assumptions.",experiment_index.csv (37104bdc3e354ae6ccc45b78aa9367307c819f8d332776d758e1875c1f88bc82)
CAT-117,MTH-117,detector_or_evidence_method,Spectral and multiscale evidence,Spectral Hac U Calibration,HAC-Spectral Calibration of Full-Scan U Evidence,"The existing finite-RFF full-scan U-statistic yields useful break evidence, but its uncalibrated running maximum may have history- and dependence-specific null scales. Transforming that path using the weak-dependence spectral null distribution may improve early-age ranking and reduce false-alert heterogeneity. The causal transfer of the HAC component is the specific hypothesis; another RFF kernel, suffix set, or scalar normalization is not.",Implementation detail not captured in the public index; see the release-assigned report IDs for provenance.,Report summary mentions a historical-only reference and/or causal online prefix; see the method-specific report record.,HAC-Spectral Calibration of Full-Scan U Evidence,Not captured in the public index summary; consult the family-level matched-control discussion in docs/failed_experiments.md.,not established in public catalog summary,feasibility_or_planned,UNKNOWN_FROM_PUBLIC_INDEX,Status: preregistered Stage 0; no challenge validation or deployment data…,Promotion status is not established by the public index summary.,"Requires a method-specific matched control and an independent, grouped, nested evaluation; causal guarantees depend on the implementation and assumptions.",experiment_index.csv (89771e4e641629689545e6c352768e797ac06b1f40586e4f5500a7a4f54d7a89)
CAT-118,MTH-118,detector_or_evidence_method,"Kernel, discrepancy, and density comparison",Stein Score Evidence,Finite-Basis Stein-Score Evidence — 2026-09-25,"The existing causal Rosenblatt stream `rw_z` is intended to approximate standard-normal innovations under a stable historical regime. For a target `P=N(0,1)`, its score is `s(z)=-z`. With the inverse-multiquadric basis [artifact detail omitted], the one-dimensional Stein operator is `T_P f_c(z) = f'_c(z) - z f_c(z)`. Under the standard-normal target and the usual boundary condition,…",Implementation detail not captured in the public index; see the release-assigned report IDs for provenance.,Report summary mentions a historical-only reference and/or causal online prefix; see the method-specific report record.,Finite-Basis Stein-Score Evidence — 2026-09-25,Not captured in the public index summary; consult the family-level matched-control discussion in docs/failed_experiments.md.,not established in public catalog summary,not established in indexed summary,UNKNOWN_FROM_PUBLIC_INDEX,Decision: Stop this exact finite-basis / rolling-window recipe; do not…,Promotion status is not established by the public index summary.,"Requires a method-specific matched control and an independent, grouped, nested evaluation; causal guarantees depend on the implementation and assumptions.",experiment_index.csv (d2e1366eca52c7aad4c14dad21fbb7e00b78728c48d2ebf252eadb7f92d21903)
CAT-119,MTH-119,detector_or_evidence_method,"Kernel, discrepancy, and density comparison",Stein Tau Mixture,Stein Score Mixture over Candidate Change Times — 2026-09-25,"The preceding finite-basis experiment mixed bounded Stein score functions but did not integrate over candidate change times. This follow-up uses each fixed center/sign expert as a bounded betting payoff on the causal Rosenblatt stream `rw_z`, then mixes over possible start times `tau` using a proper prior. For expert payoff `u_t` and fixed bet `lambda=.25`, the factor is `q_t=1+lambda*u_t`. The active wealth recurrence is…","The preceding finite-basis experiment mixed bounded Stein score functions but did not integrate over candidate change times. This follow-up uses each fixed center/sign expert as a bounded betting payoff on the causal Rosenblatt stream `rw_z`, then mixes over possible start times `tau` using a proper prior. For expert payoff `u_t` and fixed bet `lambda=.25`, the factor is `q_t=1+lambda*u_t`. The active wealth recurrence is `A_t=q_t(A_(t-1)+w_t)`; the prior mass for starts after `t` is added as the unstarted tail, and evidence is averaged over seven centers and both signs.",Report summary mentions a historical-only reference and/or causal online prefix; see the method-specific report record.,Stein Score Mixture over Candidate Change Times — 2026-09-25,Not captured in the public index summary; consult the family-level matched-control discussion in docs/failed_experiments.md.,prefix_or_future_mutation_audit_reported,not established in indexed summary,UNKNOWN_FROM_PUBLIC_INDEX,Decision: Do not promote this feature-head experiment. The selected harmonic…,Source summary records no promotion or a feasibility-only result.,"Requires a method-specific matched control and an independent, grouped, nested evaluation; causal guarantees depend on the implementation and assumptions.",experiment_index.csv (672506b1a79f034862883a6630114d850b858e43a202ab08ef7be8fe5e8791f3)
CAT-120,MTH-120,selection_or_training_method,"Supervised heads, ensembles, and selection",Symbolic Evidence Discovery,Constrained Symbolic Causal Evidence Discovery,"Six mature, label-blind causal evidence channels were combined by a linear simplex portfolio, but that search remained far below the package reference. The unresolved question is whether detector evidence is complementary only conditionally: a maximum can represent an OR/robust-alarm rule, a minimum an AND/consensus rule, and a positive geometric mean a soft conjunction. This is a deliberately small program-search family, not another feature sweep.",Implementation detail not captured in the public index; see the release-assigned report IDs for provenance.,Report summary mentions a historical-only reference and/or causal online prefix; see the method-specific report record.,Constrained Symbolic Causal Evidence Discovery,Not captured in the public index summary; consult the family-level matched-control discussion in docs/failed_experiments.md.,not established in public catalog summary,not established in indexed summary,UNKNOWN_FROM_PUBLIC_INDEX,Status: Stage 1 complete on F4; the tested 51-expression grammar is not promoted and does not advance to F0.,Source summary records no promotion or a feasibility-only result.,"Requires a method-specific matched control and an independent, grouped, nested evaluation; causal guarantees depend on the implementation and assumptions.",experiment_index.csv (6a42bded6e3a67f8f95795dc67b7fe388f975f554635be21f80c6ac17a0234bd)
CAT-121,MTH-121,detector_or_evidence_method,Spectral and multiscale evidence,Tfc Discrepancy,Search Report: Causal Time-Frequency Discrepancy,"Persistent structural changes can alter periodicity, roughness, or spectral concentration even when low-order moments are similar. A causal FFT summary of the normalized innovation prefix was compared with a historical spectral reference at windows 16, 32, and 64.",Implementation detail not captured in the public index; see the release-assigned report IDs for provenance.,Report summary mentions a historical-only reference and/or causal online prefix; see the method-specific report record.,Search Report: Causal Time-Frequency Discrepancy,Not captured in the public index summary; consult the family-level matched-control discussion in docs/failed_experiments.md.,not established in public catalog summary,not established in indexed summary,UNKNOWN_FROM_PUBLIC_INDEX,No disposition captured in the public index summary.,Promotion status is not established by the public index summary.,"Requires a method-specific matched control and an independent, grouped, nested evaluation; causal guarantees depend on the implementation and assumptions.",experiment_index.csv (f7fe83300aac4e250ae23b7232be7bcffbbfec4e30b1a9e3fb3ae3083e12c98a)
CAT-122,MTH-122,representation_or_model,Dynamical and Bayesian models,Tnc Reference Encoder,Search Report: TNC Reference-Current Encoder,"Temporal-neighborhood contrastive pretraining on historical Rosenblatt innovations may learn a representation whose causal distance from the historical reference complements the Trial13 statistical head, especially on the weak Fold 4.","To test the B1 formulation more directly, I trained a second compact encoder on two historical-only streams at once: standardized raw values and the AR/ECDF-normalized innovation stream. Each stream supplied value, first difference, absolute value, and sign channels, for eight input channels total. The shared dilated CNN used window 16, a 16-dimensional embedding, 200,000 contrastive pairs, eight epochs, and the same causal reference-versus-current feature construction. Raw standardization used only each ID's historical mean and standard deviation; the online branch ended at the current observed value.",Report summary mentions a historical-only reference and/or causal online prefix; see the method-specific report record.,Search Report: TNC Reference-Current Encoder,Not captured in the public index summary; consult the family-level matched-control discussion in docs/failed_experiments.md.,not established in public catalog summary,not established in indexed summary,UNKNOWN_FROM_PUBLIC_INDEX,No disposition captured in the public index summary.,Promotion status is not established by the public index summary.,"Requires a method-specific matched control and an independent, grouped, nested evaluation; causal guarantees depend on the implementation and assumptions.",experiment_index.csv (b0f02b3b71b91c1de10532eb4ff4a73506e84edf16e16421b5450468617e7f41)
CAT-123,MTH-123,combination_or_scoring_head,"Supervised heads, ensembles, and selection",Tri Modal Blend,Tri-Modal Feature-Head Blend Diagnostic,"The P2+aux+CRM feature-head baseline may benefit from a small blend of Candidate 9 (historical-manifold OSN-RFF/full-scan-U) and VSBT post-regime predictions, which use different detector constructions.",Implementation detail not captured in the public index; see the release-assigned report IDs for provenance.,Report summary mentions a historical-only reference and/or causal online prefix; see the method-specific report record.,Tri-Modal Feature-Head Blend Diagnostic,Not captured in the public index summary; consult the family-level matched-control discussion in docs/failed_experiments.md.,not established in public catalog summary,grouped_cv_a_full_or_replay,UNKNOWN_FROM_PUBLIC_INDEX,No disposition captured in the public index summary.,Promotion status is not established by the public index summary.,"Requires a method-specific matched control and an independent, grouped, nested evaluation; causal guarantees depend on the implementation and assumptions.",experiment_index.csv (30c8327459c2edd3e9a63b6b8b06fe58b7bcdbb6a3cd15cbd0670f8e33138d45)
CAT-124,MTH-124,combination_or_scoring_head,"Supervised heads, ensembles, and selection",V19 Lambdarank Head,Same-Step LambdaRank Head,"TS-AUC compares IDs at the same online step, so a grouped LambdaRank head may learn the within-step ordering directly and complement the frozen V19 score. The search deliberately includes raw component scores, per-step component ranks, time features, and classifier/ranker blending rather than treating the first fixed LambdaRank configuration as a verdict on ranking objectives.",Implementation detail not captured in the public index; see the release-assigned report IDs for provenance.,Report summary mentions a historical-only reference and/or causal online prefix; see the method-specific report record.,Same-Step LambdaRank Head,Not captured in the public index summary; consult the family-level matched-control discussion in docs/failed_experiments.md.,not established in public catalog summary,not established in indexed summary,UNKNOWN_FROM_PUBLIC_INDEX,No disposition captured in the public index summary.,Promotion status is not established by the public index summary.,"Requires a method-specific matched control and an independent, grouped, nested evaluation; causal guarantees depend on the implementation and assumptions.",experiment_index.csv (11110a42f53ed2a19fb1e9159d5c3870dcdb1fc79c82d7baef714ed77e4b338f)
CAT-125,MTH-125,detector_or_evidence_method,Conformal and sequential inference,Venn Abers,Venn–Abers E-Evidence on the Causal Rosenblatt Stream — 2026-09-26,Not stated in the indexed source summary; the title identifies the tested approach.,Implementation detail not captured in the public index; see the release-assigned report IDs for provenance.,Report summary mentions a historical-only reference and/or causal online prefix; see the method-specific report record.,Venn–Abers E-Evidence on the Causal Rosenblatt Stream — 2026-09-26,Not captured in the public index summary; consult the family-level matched-control discussion in docs/failed_experiments.md.,not established in public catalog summary,feasibility_or_planned,UNKNOWN_FROM_PUBLIC_INDEX,Decision: Do not promote this fixed-bin Venn–Abers adaptation. The direct…,Source summary records no promotion or a feasibility-only result.,"Requires a method-specific matched control and an independent, grouped, nested evaluation; causal guarantees depend on the implementation and assumptions.",experiment_index.csv (0ab2d6d926211f8873d5371df36f8bd16f3bef60b379cbd090429f7d82978959)
CAT-126,MTH-126,detector_or_evidence_method,"Path, geometry, and ordinal structure",Visibility Graph Bdi,Visibility-Graph Backward-Degree Evidence,The geometry of a history-whitened innovation path can change while the scalar marginal and dependence evidence remains ambiguous. A causal backward visibility degree compresses local peak/line-of-sight structure into a small streaming statistic; horizontal visibility supplies an ordinal-only control against natural visibility's amplitude-sensitive geometry.,Implementation detail not captured in the public index; see the release-assigned report IDs for provenance.,Report summary mentions a historical-only reference and/or causal online prefix; see the method-specific report record.,Visibility-Graph Backward-Degree Evidence,Not captured in the public index summary; consult the family-level matched-control discussion in docs/failed_experiments.md.,not established in public catalog summary,not established in indexed summary,UNKNOWN_FROM_PUBLIC_INDEX,No disposition captured in the public index summary.,Promotion status is not established by the public index summary.,"Requires a method-specific matched control and an independent, grouped, nested evaluation; causal guarantees depend on the implementation and assumptions.",experiment_index.csv (7b766c7527d374a532812a81adb2f09074b5cd49fa318b91418df467d03e1d3d)
CAT-127,MTH-127,detector_or_evidence_method,Other causal evidence methods,Vsbt Prefix Tree,VSBT-Inspired Prefix Tree — Synthetic Stage 0,Not stated in the indexed source summary; the title identifies the tested approach.,Implementation detail not captured in the public index; see the release-assigned report IDs for provenance.,Report summary mentions a historical-only reference and/or causal online prefix; see the method-specific report record.,VSBT-Inspired Prefix Tree — Synthetic Stage 0,Not captured in the public index summary; consult the family-level matched-control discussion in docs/failed_experiments.md.,not established in public catalog summary,synthetic_screen,UNKNOWN_FROM_PUBLIC_INDEX,VSBT-Inspired Prefix Tree — Synthetic Stage 0 Decision…,Promotion status is not established by the public index summary.,"Requires a method-specific matched control and an independent, grouped, nested evaluation; causal guarantees depend on the implementation and assumptions.",experiment_index.csv (04ac3f7330fc8ac6e018b68f668a03e67f94509e43ab6203b42c7e8a7c34e11c)
CAT-128,MTH-128,detector_or_evidence_method,Other causal evidence methods,Vsbt Soft Gate,Causal Prefix VSBT-Inspired Soft Gate,"A softly estimated temporal regime assignment, paired with separate autoregressive experts, may retain change evidence for dependence and tail breaks that is not well summarized by the current P2 mean/scale channels. The goal is complementary causal evidence, not a retrospective estimate of the final break point.",Implementation detail not captured in the public index; see the release-assigned report IDs for provenance.,Report summary mentions a historical-only reference and/or causal online prefix; see the method-specific report record.,Causal Prefix VSBT-Inspired Soft Gate,"Artifact: `[internal detail omitted][source detail omitted] - Paired 40-stream synthetic screen: two seeds × four raw DGPs × one null and one alternative per change mechanism. Only outer variational iteration count changed (1, 2, 3); all configs saw the same stream within each pair. - Post-occupancy AUCs for iterations 1[source detail omitted] were `.648747[source detail omitted]",not established in public catalog summary,synthetic_screen,PARTIAL_FOLD_WHERE_APPLICABLE,No disposition captured in the public index summary.,Source summary records no promotion or a feasibility-only result.,"Requires a method-specific matched control and an independent, grouped, nested evaluation; causal guarantees depend on the implementation and assumptions.",experiment_index.csv (2909b1e761fe2ebdfbda3ff3fc20c223cb588c1e80d12f5395ab9e429bd083be)
CAT-129,MTH-129,detector_or_evidence_method,Spectral and multiscale evidence,Wavelet Long Memory Change,Causal Haar Scaling-Exponent Change,"A break in long-memory strength changes the slope of log Haar coefficient variance against log scale. A history-referenced, causal slope contrast may capture dependence changes that the current autoregressive/scale Rosenblatt evidence misses.","For each fixed window `W in {64,128}`, compute a weighted regression slope of `log2(var(Haar_j))` on octave `log2(scale)` from history only. At online time `t`, compute the same slope using `online[t-W+1:t]` only, then emit its signed and absolute difference from the historical slope. The fixed scales are `[1,2,4,8]` for W64 and `[1,2,4,8,16]` for W128. Non-decimated Haar details update as observations arrive. Features are zero until their window is ready. The code does not use the final stream length, future values, labels, or a candidate break time.",Report summary mentions a historical-only reference and/or causal online prefix; see the method-specific report record.,Causal Haar Scaling-Exponent Change,Not captured in the public index summary; consult the family-level matched-control discussion in docs/failed_experiments.md.,causal_design_or_exact_stream_reported; audit_scope_varies,exact_stream_or_package_replay_scope_unspecified,UNKNOWN_FROM_PUBLIC_INDEX,Status: Stage 0 and staged CV-A feasibility complete; exact recipe not promoted.,Source summary records no promotion or a feasibility-only result.,"Requires a method-specific matched control and an independent, grouped, nested evaluation; causal guarantees depend on the implementation and assumptions.",experiment_index.csv (cf8e8548dd6ca5444a418e830068c93ae81202073879380cb692c669c5b66534)
CAT-130,MTH-130,detector_or_evidence_method,Conformal and sequential inference,Weighted Conformal,WATCH-Inspired Weighted-Conformal Context Evidence — Stage 1,"Paper: Prinster et al., *WATCH: Adaptive Monitoring for AI Deployments via Weighted-Conformal Martingales*, ICML 2025 / PMLR 267, current arXiv v6. Primary sources: (https:), (https:), and the (https:). The paper replaces the uniform conformal rank with a weighted rank,…","Pair `X_t = z_(t-1)` with `Y_t = z_t`, where `z[artifact detail omitted][1/20, 20]`. - At online step `t`, estimate the target context histogram only from `X_0..X_(t-1)`, calculate weighted p-values for positive, negative, and absolute innovation nonconformity, emit features, and only then update the…",Report summary mentions a historical-only reference and/or causal online prefix; see the method-specific report record.,WATCH-Inspired Weighted-Conformal Context Evidence — Stage 1,Not captured in the public index summary; consult the family-level matched-control discussion in docs/failed_experiments.md.,not established in public catalog summary,not established in indexed summary,UNKNOWN_FROM_PUBLIC_INDEX,WATCH-Inspired Weighted-Conformal Context Evidence — Stage 1 Status: tested on Stage-1 folds; this binned context adaptation is not promoted.,Source summary records no promotion or a feasibility-only result.,"Requires a method-specific matched control and an independent, grouped, nested evaluation; causal guarantees depend on the implementation and assumptions.",experiment_index.csv (e01a02fa83b2fdf70f17ddcd0a834892cd2c3606d06c2c0f7adb5b40de4c914a)
CAT-131,MTH-131,representation_or_model,Dynamical and Bayesian models,Whitened Reference Encoder,Search Report: Whitened Historical-Reference Neural Encoder,A shared encoder comparing a fixed historical whitened tail with the observed online prefix may learn a reference-versus-current discrepancy that row-wise tree features miss. This is a different formulation from the earlier raw-input TCN: both branches encode a historical reference and a causal current window.,Implementation detail not captured in the public index; see the release-assigned report IDs for provenance.,Report summary mentions a historical-only reference and/or causal online prefix; see the method-specific report record.,Search Report: Whitened Historical-Reference Neural Encoder,Not captured in the public index summary; consult the family-level matched-control discussion in docs/failed_experiments.md.,not established in public catalog summary,not established in indexed summary,UNKNOWN_FROM_PUBLIC_INDEX,No disposition captured in the public index summary.,Promotion status is not established by the public index summary.,"Requires a method-specific matched control and an independent, grouped, nested evaluation; causal guarantees depend on the implementation and assumptions.",experiment_index.csv (075bf70bfd46c7a1d88cdbb70bf9dc2f27e54ed6d2a1ce913da43f671f926e57)
SUP-001,SRC-015,detector_or_evidence_method,Dynamical and Bayesian models,BOCPD run-length features,Bayesian online change-point run-length features,Posterior run-length summaries and predictive surprise may add causal break evidence to the locked feature baseline.,"Run-length expectation, short-run mass, entropy, predictive surprise, run-length mode, and cumulative surprise; five-fold grouped OOF metrics are present in a local result record.",The result record alone does not establish update-level prefix parity.,One compact LightGBM expert and fixed-weight blends against the same baseline.,Same-fold fixed baseline in the result record.,not independently established from the result record,grouped_cv_a_full_oof_result_record,POST_SELECTION_CV; CAUSALITY_AUDIT_UNKNOWN,Standalone expert and every tested positive blend weight were below the matched baseline mean; do not promote this configuration.,The tested expert did not complement the baseline in grouped CV-A; no independent causal audit is present in the result record.,Can run-length evidence add value with an independently validated online implementation and a genuinely nested training path?,SRC-015
SUP-002,SRC-016,representation_or_model,Learned representations and neural methods,Contrastive adjacent-window features,Contrastive current-versus-reference window-gap features,Contrastive representations of recent and reference windows may capture distributional differences beyond the baseline summary.,"A compact head used signed and unsigned gaps in mean, variance, energy, and sign rate; result record reports grouped five-fold OOF metrics.",The result record does not independently establish prefix-only implementation semantics.,One fixed feature set and compact head; tested blends against the same-fold baseline.,Same-fold fixed baseline in the result record.,not independently established from the result record,grouped_cv_a_full_oof_result_record,POST_SELECTION_CV; CAUSALITY_AUDIT_UNKNOWN,The expert and tested positive blend weights were below the matched baseline mean; not promoted.,The tested contrastive features did not improve the baseline in grouped CV-A; no independent causal audit is present.,"Would a nested, prefix-audited contrastive representation add value under a matched training budget?",SRC-016
SUP-003,SRC-017,representation_or_model,Learned representations and neural methods,Causal Siamese CNN,Siamese convolutional comparison of current and historical windows,A shared temporal encoder may expose local representation shifts between a reference window and current observations.,"A single-fold feasibility record reports a short, low-epoch CNN screen and blend diagnostics.",The artifact is a single-fold score record; exact streaming parity was not established here.,"One window setting, two training epochs, one held fold.",Trial-13 baseline on the same fold (F4) is reported as a comparator in the research summary.,not independently established from the result record,one_fold_feasibility_screen,PARTIAL_FOLD; POST_SELECTION_CV; CAUSALITY_AUDIT_UNKNOWN,The one-fold CNN score was near chance and tested blends were below the same-fold baseline; not promoted.,Single-fold evidence cannot support a transfer claim; no complete stream-parity audit accompanies the result record.,"Does a strictly causal, nested Siamese model help on more than one held-out group?",SRC-017
SUP-004,SRC-018,detector_or_evidence_method,Conformal and sequential inference,CODiT-inspired transformation prediction,Transformation-prediction score on causal trailing windows (CODiT/TTPE-inspired),A history-calibrated score for predicting transformations of a trailing window may flag changes in local temporal structure.,A fixed five-class transformation predictor on width-64 trailing windows; synthetic-only screen with a history-ECDF score map.,The source record reports history-only normalization and a window ending at the current observation; a prefix mutation check passed for that synthetic implementation.,Five transformations; four synthetic test seeds; fixed blend coefficient.,History-ECDF-calibrated joint reference detector on the same synthetic streams.,prefix mutation audit reported in the synthetic source record,synthetic_only_frozen_stage0,SYNTHETIC_ONLY; FROZEN_GATE_FAILED,"The transformation score was near chance, the fixed blend reduced the reference score, and the frozen advancement gate failed. No conformal or Fisher-validity guarantee was claimed.",This synthetic adaptation did not meet its predeclared continuation criteria; it was not tested on competition folds.,Can a transformation task be designed that adds stable evidence beyond low-order and conditional-residual controls?,SRC-018
SUP-005,SRC-019;SRC-020,representation_or_model,Learned representations and neural methods,Dual-reference TNC encoder,Dual-reference contrastive encoder using raw and Rosenblatt-normalized windows,Combining raw-series and normalized-innovation reference comparisons may provide complementary representations.,Window-16 temporal-neighborhood encoder with two reference views and an auxiliary scoring head.,Metadata describe training and feature extraction; the two-fold result is a partial screen and does not establish complete online inference parity.,One width-16 training configuration; head evaluated on F4 and F0.,Trial-13 baseline on the same two folds.,not independently established from the two-fold result record,grouped_cv_a_partial_f4_f0,PARTIAL_FOLD; POST_SELECTION_CV; CAUSALITY_AUDIT_UNKNOWN,The auxiliary head was below the Trial-13 baseline on both screened folds; no blend improvement was demonstrated.,"Two folds do not establish generalization, and the feature path lacks an independent causal audit in the public record.",Would dual-view embeddings add value under nested representation fitting and full prefix parity?,SRC-019;SRC-020
